variant,set,encoder_context,delta,nominal_delay_ms,error_rate_pct,source
pilot,voxpopuli-aa-test WER,"[56,0]",2,160,11.75,raw/sources/experiments/2026-10-01-stage1-pilot-eval-mxc/s1_compare_rc.txt
pilot,voxpopuli-aa-test WER,"[56,0]",3,240,8.96,raw/sources/experiments/2026-10-01-stage1-pilot-eval-mxc/s1_compare_rc.txt
pilot,voxpopuli-aa-test WER,"[56,0]",4,320,7.7,raw/sources/experiments/2026-10-01-stage1-pilot-eval-mxc/s1_compare_rc.txt
pilot,voxpopuli-aa-test WER,"[56,0]",6,480,7.18,raw/sources/experiments/2026-10-01-stage1-pilot-eval-mxc/s1_compare_rc.txt
pilot,voxpopuli-aa-test WER,"[56,0]",final,utterance end,6.84,raw/sources/experiments/2026-10-01-stage1-pilot-eval-mxc/s1_compare_rc.txt
pilot,voxpopuli-aa-test WER,"[56,3]",2,280,8.47,raw/sources/experiments/2026-10-01-stage1-pilot-eval-mxc/s1_compare_rc.txt
pilot,voxpopuli-aa-test WER,"[56,3]",3,360,7.52,raw/sources/experiments/2026-10-01-stage1-pilot-eval-mxc/s1_compare_rc.txt
pilot,voxpopuli-aa-test WER,"[56,3]",4,440,7.01,raw/sources/experiments/2026-10-01-stage1-pilot-eval-mxc/s1_compare_rc.txt
pilot,voxpopuli-aa-test WER,"[56,3]",6,600,6.48,raw/sources/experiments/2026-10-01-stage1-pilot-eval-mxc/s1_compare_rc.txt
pilot,voxpopuli-aa-test WER,"[56,3]",final,utterance end,6.59,raw/sources/experiments/2026-10-01-stage1-pilot-eval-mxc/s1_compare_rc.txt
pilot,voxpopuli-aa-test WER,offline Qwen3-ASR-1.7B,-,-,5.1,wiki/outputs/output-stage1-pilot-eval-20261001.md
pilot,kspon-eval_clean CER,"[56,0]",2,160,14.8,raw/sources/experiments/2026-10-01-stage1-pilot-eval-mxc/s1_compare_rc.txt
pilot,kspon-eval_clean CER,"[56,0]",3,240,10.68,raw/sources/experiments/2026-10-01-stage1-pilot-eval-mxc/s1_compare_rc.txt
pilot,kspon-eval_clean CER,"[56,0]",4,320,9.7,raw/sources/experiments/2026-10-01-stage1-pilot-eval-mxc/s1_compare_rc.txt
pilot,kspon-eval_clean CER,"[56,0]",6,480,9.4,raw/sources/experiments/2026-10-01-stage1-pilot-eval-mxc/s1_compare_rc.txt
pilot,kspon-eval_clean CER,"[56,0]",final,utterance end,8.21,raw/sources/experiments/2026-10-01-stage1-pilot-eval-mxc/s1_compare_rc.txt
pilot,kspon-eval_clean CER,"[56,3]",2,280,11.19,raw/sources/experiments/2026-10-01-stage1-pilot-eval-mxc/s1_compare_rc.txt
pilot,kspon-eval_clean CER,"[56,3]",3,360,9.49,raw/sources/experiments/2026-10-01-stage1-pilot-eval-mxc/s1_compare_rc.txt
pilot,kspon-eval_clean CER,"[56,3]",4,440,8.89,raw/sources/experiments/2026-10-01-stage1-pilot-eval-mxc/s1_compare_rc.txt
pilot,kspon-eval_clean CER,"[56,3]",6,600,8.78,raw/sources/experiments/2026-10-01-stage1-pilot-eval-mxc/s1_compare_rc.txt
pilot,kspon-eval_clean CER,"[56,3]",final,utterance end,7.96,raw/sources/experiments/2026-10-01-stage1-pilot-eval-mxc/s1_compare_rc.txt
pilot,kspon-eval_clean CER,offline Qwen3-ASR-1.7B,-,-,8.92,wiki/outputs/output-stage1-pilot-eval-20261001.md
pilot,kspon-eval_other CER,"[56,0]",2,160,14.81,raw/sources/experiments/2026-10-01-stage1-pilot-eval-mxc/s1_compare_rc.txt
pilot,kspon-eval_other CER,"[56,0]",3,240,11.02,raw/sources/experiments/2026-10-01-stage1-pilot-eval-mxc/s1_compare_rc.txt
pilot,kspon-eval_other CER,"[56,0]",4,320,9.95,raw/sources/experiments/2026-10-01-stage1-pilot-eval-mxc/s1_compare_rc.txt
pilot,kspon-eval_other CER,"[56,0]",6,480,9.63,raw/sources/experiments/2026-10-01-stage1-pilot-eval-mxc/s1_compare_rc.txt
pilot,kspon-eval_other CER,"[56,0]",final,utterance end,8.42,raw/sources/experiments/2026-10-01-stage1-pilot-eval-mxc/s1_compare_rc.txt
pilot,kspon-eval_other CER,"[56,3]",2,280,11.6,raw/sources/experiments/2026-10-01-stage1-pilot-eval-mxc/s1_compare_rc.txt
pilot,kspon-eval_other CER,"[56,3]",3,360,9.8,raw/sources/experiments/2026-10-01-stage1-pilot-eval-mxc/s1_compare_rc.txt
pilot,kspon-eval_other CER,"[56,3]",4,440,9.17,raw/sources/experiments/2026-10-01-stage1-pilot-eval-mxc/s1_compare_rc.txt
pilot,kspon-eval_other CER,"[56,3]",6,600,8.87,raw/sources/experiments/2026-10-01-stage1-pilot-eval-mxc/s1_compare_rc.txt
pilot,kspon-eval_other CER,"[56,3]",final,utterance end,7.84,raw/sources/experiments/2026-10-01-stage1-pilot-eval-mxc/s1_compare_rc.txt
pilot,kspon-eval_other CER,offline Qwen3-ASR-1.7B,-,-,8.71,wiki/outputs/output-stage1-pilot-eval-20261001.md
