system_id,wrapper,op,direction,chrF_taxi_L0natural,chrF_syn_L0natural_edition1,chrF_syn_L0natural_edition2,status
consecutive,realistic,main,EN->DE,,,,pending
consecutive,realistic,main,DE->EN,,,,pending
seamless_streaming,oracle,main,EN->DE,,,,pending
seamless_streaming,oracle,main,DE->EN,,,,pending
seamless_streaming,realistic,main,EN->DE,,,,pending
seamless_streaming,realistic,main,DE->EN,,,,pending
cascade_la,oracle,main,EN->DE,,,,pending
cascade_la,oracle,main,DE->EN,,,,pending
cascade_la,realistic,main,EN->DE,,,,pending
cascade_la,realistic,main,DE->EN,,,,pending
m4t_alignatt,oracle,main,EN->DE,,,,pending
m4t_alignatt,oracle,main,DE->EN,,,,pending
m4t_alignatt,realistic,main,EN->DE,,,,pending
m4t_alignatt,realistic,main,DE->EN,,,,pending
ours,none,main,EN->DE,,,,pending
ours,none,main,DE->EN,,,,pending
