system_id,wrapper,corpus,condition,gap_s,direction,op,COMET,chrF,StreamLAAL_mean_s,EndOffset_p50_s,switch_latency_p50_s,wrong_dir_word_pct,empty_turn_pct,backchannel_leak_pct,status
consecutive,realistic,taxi,L0-mediated,,EN->DE,main,,,,,,,,,pending
consecutive,realistic,taxi,L0-mediated,,DE->EN,main,,,,,,,,,pending
consecutive,realistic,taxi,L0-natural,,EN->DE,main,,,,,,,,,pending
consecutive,realistic,taxi,L0-natural,,DE->EN,main,,,,,,,,,pending
consecutive,realistic,taxi,L1,,EN->DE,main,,,,,,,,,pending
consecutive,realistic,taxi,L1,,DE->EN,main,,,,,,,,,pending
consecutive,realistic,syn-en-de,L0-natural,,EN->DE,main,,,,,,,,,pending
consecutive,realistic,syn-en-de,L0-natural,,DE->EN,main,,,,,,,,,pending
consecutive,realistic,syn-en-de,L1,,EN->DE,main,,,,,,,,,pending
consecutive,realistic,syn-en-de,L1,,DE->EN,main,,,,,,,,,pending
consecutive,realistic,syn-ko-en,L0-natural,,EN->KO,main,,,,,,,,,pending
consecutive,realistic,syn-ko-en,L0-natural,,KO->EN,main,,,,,,,,,pending
consecutive,realistic,syn-ko-en,L1,,EN->KO,main,,,,,,,,,pending
consecutive,realistic,syn-ko-en,L1,,KO->EN,main,,,,,,,,,pending
consecutive,realistic,taxi,fixed-gap,-0.6,EN->DE,main,,,,,,,,,pending
consecutive,realistic,taxi,fixed-gap,-0.6,DE->EN,main,,,,,,,,,pending
consecutive,realistic,taxi,fixed-gap,-0.4,EN->DE,main,,,,,,,,,pending
consecutive,realistic,taxi,fixed-gap,-0.4,DE->EN,main,,,,,,,,,pending
consecutive,realistic,taxi,fixed-gap,-0.2,EN->DE,main,,,,,,,,,pending
consecutive,realistic,taxi,fixed-gap,-0.2,DE->EN,main,,,,,,,,,pending
consecutive,realistic,taxi,fixed-gap,0.05,EN->DE,main,,,,,,,,,pending
consecutive,realistic,taxi,fixed-gap,0.05,DE->EN,main,,,,,,,,,pending
consecutive,realistic,taxi,fixed-gap,0.2,EN->DE,main,,,,,,,,,pending
consecutive,realistic,taxi,fixed-gap,0.2,DE->EN,main,,,,,,,,,pending
consecutive,realistic,taxi,fixed-gap,0.5,EN->DE,main,,,,,,,,,pending
consecutive,realistic,taxi,fixed-gap,0.5,DE->EN,main,,,,,,,,,pending
consecutive,realistic,taxi,fixed-gap,1.0,EN->DE,main,,,,,,,,,pending
consecutive,realistic,taxi,fixed-gap,1.0,DE->EN,main,,,,,,,,,pending
consecutive,realistic,taxi,fixed-gap,2.0,EN->DE,main,,,,,,,,,pending
consecutive,realistic,taxi,fixed-gap,2.0,DE->EN,main,,,,,,,,,pending
seamless_streaming,oracle,taxi,L0-mediated,,EN->DE,main,,,,,,,,,pending
seamless_streaming,oracle,taxi,L0-mediated,,DE->EN,main,,,,,,,,,pending
seamless_streaming,oracle,taxi,L0-natural,,EN->DE,main,,,,,,,,,pending
seamless_streaming,oracle,taxi,L0-natural,,DE->EN,main,,,,,,,,,pending
seamless_streaming,oracle,taxi,L1,,EN->DE,main,,,,,,,,,pending
seamless_streaming,oracle,taxi,L1,,DE->EN,main,,,,,,,,,pending
seamless_streaming,oracle,syn-en-de,L0-natural,,EN->DE,main,,,,,,,,,pending
seamless_streaming,oracle,syn-en-de,L0-natural,,DE->EN,main,,,,,,,,,pending
seamless_streaming,oracle,syn-en-de,L1,,EN->DE,main,,,,,,,,,pending
seamless_streaming,oracle,syn-en-de,L1,,DE->EN,main,,,,,,,,,pending
seamless_streaming,oracle,syn-ko-en,L0-natural,,EN->KO,main,,,,,,,,,pending
seamless_streaming,oracle,syn-ko-en,L0-natural,,KO->EN,main,,,,,,,,,pending
seamless_streaming,oracle,syn-ko-en,L1,,EN->KO,main,,,,,,,,,pending
seamless_streaming,oracle,syn-ko-en,L1,,KO->EN,main,,,,,,,,,pending
seamless_streaming,oracle,taxi,fixed-gap,-0.6,EN->DE,main,,,,,,,,,pending
seamless_streaming,oracle,taxi,fixed-gap,-0.6,DE->EN,main,,,,,,,,,pending
seamless_streaming,oracle,taxi,fixed-gap,-0.4,EN->DE,main,,,,,,,,,pending
seamless_streaming,oracle,taxi,fixed-gap,-0.4,DE->EN,main,,,,,,,,,pending
seamless_streaming,oracle,taxi,fixed-gap,-0.2,EN->DE,main,,,,,,,,,pending
seamless_streaming,oracle,taxi,fixed-gap,-0.2,DE->EN,main,,,,,,,,,pending
seamless_streaming,oracle,taxi,fixed-gap,0.05,EN->DE,main,,,,,,,,,pending
seamless_streaming,oracle,taxi,fixed-gap,0.05,DE->EN,main,,,,,,,,,pending
seamless_streaming,oracle,taxi,fixed-gap,0.2,EN->DE,main,,,,,,,,,pending
seamless_streaming,oracle,taxi,fixed-gap,0.2,DE->EN,main,,,,,,,,,pending
seamless_streaming,oracle,taxi,fixed-gap,0.5,EN->DE,main,,,,,,,,,pending
seamless_streaming,oracle,taxi,fixed-gap,0.5,DE->EN,main,,,,,,,,,pending
seamless_streaming,oracle,taxi,fixed-gap,1.0,EN->DE,main,,,,,,,,,pending
seamless_streaming,oracle,taxi,fixed-gap,1.0,DE->EN,main,,,,,,,,,pending
seamless_streaming,oracle,taxi,fixed-gap,2.0,EN->DE,main,,,,,,,,,pending
seamless_streaming,oracle,taxi,fixed-gap,2.0,DE->EN,main,,,,,,,,,pending
seamless_streaming,realistic,taxi,L0-mediated,,EN->DE,main,,,,,,,,,pending
seamless_streaming,realistic,taxi,L0-mediated,,DE->EN,main,,,,,,,,,pending
seamless_streaming,realistic,taxi,L0-natural,,EN->DE,main,,,,,,,,,pending
seamless_streaming,realistic,taxi,L0-natural,,DE->EN,main,,,,,,,,,pending
seamless_streaming,realistic,taxi,L1,,EN->DE,main,,,,,,,,,pending
seamless_streaming,realistic,taxi,L1,,DE->EN,main,,,,,,,,,pending
seamless_streaming,realistic,syn-en-de,L0-natural,,EN->DE,main,,,,,,,,,pending
seamless_streaming,realistic,syn-en-de,L0-natural,,DE->EN,main,,,,,,,,,pending
seamless_streaming,realistic,syn-en-de,L1,,EN->DE,main,,,,,,,,,pending
seamless_streaming,realistic,syn-en-de,L1,,DE->EN,main,,,,,,,,,pending
seamless_streaming,realistic,syn-ko-en,L0-natural,,EN->KO,main,,,,,,,,,pending
seamless_streaming,realistic,syn-ko-en,L0-natural,,KO->EN,main,,,,,,,,,pending
seamless_streaming,realistic,syn-ko-en,L1,,EN->KO,main,,,,,,,,,pending
seamless_streaming,realistic,syn-ko-en,L1,,KO->EN,main,,,,,,,,,pending
seamless_streaming,realistic,taxi,fixed-gap,-0.6,EN->DE,main,,,,,,,,,pending
seamless_streaming,realistic,taxi,fixed-gap,-0.6,DE->EN,main,,,,,,,,,pending
seamless_streaming,realistic,taxi,fixed-gap,-0.4,EN->DE,main,,,,,,,,,pending
seamless_streaming,realistic,taxi,fixed-gap,-0.4,DE->EN,main,,,,,,,,,pending
seamless_streaming,realistic,taxi,fixed-gap,-0.2,EN->DE,main,,,,,,,,,pending
seamless_streaming,realistic,taxi,fixed-gap,-0.2,DE->EN,main,,,,,,,,,pending
seamless_streaming,realistic,taxi,fixed-gap,0.05,EN->DE,main,,,,,,,,,pending
seamless_streaming,realistic,taxi,fixed-gap,0.05,DE->EN,main,,,,,,,,,pending
seamless_streaming,realistic,taxi,fixed-gap,0.2,EN->DE,main,,,,,,,,,pending
seamless_streaming,realistic,taxi,fixed-gap,0.2,DE->EN,main,,,,,,,,,pending
seamless_streaming,realistic,taxi,fixed-gap,0.5,EN->DE,main,,,,,,,,,pending
seamless_streaming,realistic,taxi,fixed-gap,0.5,DE->EN,main,,,,,,,,,pending
seamless_streaming,realistic,taxi,fixed-gap,1.0,EN->DE,main,,,,,,,,,pending
seamless_streaming,realistic,taxi,fixed-gap,1.0,DE->EN,main,,,,,,,,,pending
seamless_streaming,realistic,taxi,fixed-gap,2.0,EN->DE,main,,,,,,,,,pending
seamless_streaming,realistic,taxi,fixed-gap,2.0,DE->EN,main,,,,,,,,,pending
cascade_la,oracle,taxi,L0-mediated,,EN->DE,main,,,,,,,,,pending
cascade_la,oracle,taxi,L0-mediated,,DE->EN,main,,,,,,,,,pending
cascade_la,oracle,taxi,L0-natural,,EN->DE,main,,,,,,,,,pending
cascade_la,oracle,taxi,L0-natural,,DE->EN,main,,,,,,,,,pending
cascade_la,oracle,taxi,L1,,EN->DE,main,,,,,,,,,pending
cascade_la,oracle,taxi,L1,,DE->EN,main,,,,,,,,,pending
cascade_la,oracle,syn-en-de,L0-natural,,EN->DE,main,,,,,,,,,pending
cascade_la,oracle,syn-en-de,L0-natural,,DE->EN,main,,,,,,,,,pending
cascade_la,oracle,syn-en-de,L1,,EN->DE,main,,,,,,,,,pending
cascade_la,oracle,syn-en-de,L1,,DE->EN,main,,,,,,,,,pending
cascade_la,oracle,syn-ko-en,L0-natural,,EN->KO,main,,,,,,,,,pending
cascade_la,oracle,syn-ko-en,L0-natural,,KO->EN,main,,,,,,,,,pending
cascade_la,oracle,syn-ko-en,L1,,EN->KO,main,,,,,,,,,pending
cascade_la,oracle,syn-ko-en,L1,,KO->EN,main,,,,,,,,,pending
cascade_la,oracle,taxi,fixed-gap,-0.6,EN->DE,main,,,,,,,,,pending
cascade_la,oracle,taxi,fixed-gap,-0.6,DE->EN,main,,,,,,,,,pending
cascade_la,oracle,taxi,fixed-gap,-0.4,EN->DE,main,,,,,,,,,pending
cascade_la,oracle,taxi,fixed-gap,-0.4,DE->EN,main,,,,,,,,,pending
cascade_la,oracle,taxi,fixed-gap,-0.2,EN->DE,main,,,,,,,,,pending
cascade_la,oracle,taxi,fixed-gap,-0.2,DE->EN,main,,,,,,,,,pending
cascade_la,oracle,taxi,fixed-gap,0.05,EN->DE,main,,,,,,,,,pending
cascade_la,oracle,taxi,fixed-gap,0.05,DE->EN,main,,,,,,,,,pending
cascade_la,oracle,taxi,fixed-gap,0.2,EN->DE,main,,,,,,,,,pending
cascade_la,oracle,taxi,fixed-gap,0.2,DE->EN,main,,,,,,,,,pending
cascade_la,oracle,taxi,fixed-gap,0.5,EN->DE,main,,,,,,,,,pending
cascade_la,oracle,taxi,fixed-gap,0.5,DE->EN,main,,,,,,,,,pending
cascade_la,oracle,taxi,fixed-gap,1.0,EN->DE,main,,,,,,,,,pending
cascade_la,oracle,taxi,fixed-gap,1.0,DE->EN,main,,,,,,,,,pending
cascade_la,oracle,taxi,fixed-gap,2.0,EN->DE,main,,,,,,,,,pending
cascade_la,oracle,taxi,fixed-gap,2.0,DE->EN,main,,,,,,,,,pending
cascade_la,realistic,taxi,L0-mediated,,EN->DE,main,,,,,,,,,pending
cascade_la,realistic,taxi,L0-mediated,,DE->EN,main,,,,,,,,,pending
cascade_la,realistic,taxi,L0-natural,,EN->DE,main,,,,,,,,,pending
cascade_la,realistic,taxi,L0-natural,,DE->EN,main,,,,,,,,,pending
cascade_la,realistic,taxi,L1,,EN->DE,main,,,,,,,,,pending
cascade_la,realistic,taxi,L1,,DE->EN,main,,,,,,,,,pending
cascade_la,realistic,syn-en-de,L0-natural,,EN->DE,main,,,,,,,,,pending
cascade_la,realistic,syn-en-de,L0-natural,,DE->EN,main,,,,,,,,,pending
cascade_la,realistic,syn-en-de,L1,,EN->DE,main,,,,,,,,,pending
cascade_la,realistic,syn-en-de,L1,,DE->EN,main,,,,,,,,,pending
cascade_la,realistic,syn-ko-en,L0-natural,,EN->KO,main,,,,,,,,,pending
cascade_la,realistic,syn-ko-en,L0-natural,,KO->EN,main,,,,,,,,,pending
cascade_la,realistic,syn-ko-en,L1,,EN->KO,main,,,,,,,,,pending
cascade_la,realistic,syn-ko-en,L1,,KO->EN,main,,,,,,,,,pending
cascade_la,realistic,taxi,fixed-gap,-0.6,EN->DE,main,,,,,,,,,pending
cascade_la,realistic,taxi,fixed-gap,-0.6,DE->EN,main,,,,,,,,,pending
cascade_la,realistic,taxi,fixed-gap,-0.4,EN->DE,main,,,,,,,,,pending
cascade_la,realistic,taxi,fixed-gap,-0.4,DE->EN,main,,,,,,,,,pending
cascade_la,realistic,taxi,fixed-gap,-0.2,EN->DE,main,,,,,,,,,pending
cascade_la,realistic,taxi,fixed-gap,-0.2,DE->EN,main,,,,,,,,,pending
cascade_la,realistic,taxi,fixed-gap,0.05,EN->DE,main,,,,,,,,,pending
cascade_la,realistic,taxi,fixed-gap,0.05,DE->EN,main,,,,,,,,,pending
cascade_la,realistic,taxi,fixed-gap,0.2,EN->DE,main,,,,,,,,,pending
cascade_la,realistic,taxi,fixed-gap,0.2,DE->EN,main,,,,,,,,,pending
cascade_la,realistic,taxi,fixed-gap,0.5,EN->DE,main,,,,,,,,,pending
cascade_la,realistic,taxi,fixed-gap,0.5,DE->EN,main,,,,,,,,,pending
cascade_la,realistic,taxi,fixed-gap,1.0,EN->DE,main,,,,,,,,,pending
cascade_la,realistic,taxi,fixed-gap,1.0,DE->EN,main,,,,,,,,,pending
cascade_la,realistic,taxi,fixed-gap,2.0,EN->DE,main,,,,,,,,,pending
cascade_la,realistic,taxi,fixed-gap,2.0,DE->EN,main,,,,,,,,,pending
m4t_alignatt,oracle,taxi,L0-mediated,,EN->DE,main,,,,,,,,,pending
m4t_alignatt,oracle,taxi,L0-mediated,,DE->EN,main,,,,,,,,,pending
m4t_alignatt,oracle,taxi,L0-natural,,EN->DE,main,,,,,,,,,pending
m4t_alignatt,oracle,taxi,L0-natural,,DE->EN,main,,,,,,,,,pending
m4t_alignatt,oracle,taxi,L1,,EN->DE,main,,,,,,,,,pending
m4t_alignatt,oracle,taxi,L1,,DE->EN,main,,,,,,,,,pending
m4t_alignatt,oracle,syn-en-de,L0-natural,,EN->DE,main,,,,,,,,,pending
m4t_alignatt,oracle,syn-en-de,L0-natural,,DE->EN,main,,,,,,,,,pending
m4t_alignatt,oracle,syn-en-de,L1,,EN->DE,main,,,,,,,,,pending
m4t_alignatt,oracle,syn-en-de,L1,,DE->EN,main,,,,,,,,,pending
m4t_alignatt,oracle,syn-ko-en,L0-natural,,EN->KO,main,,,,,,,,,pending
m4t_alignatt,oracle,syn-ko-en,L0-natural,,KO->EN,main,,,,,,,,,pending
m4t_alignatt,oracle,syn-ko-en,L1,,EN->KO,main,,,,,,,,,pending
m4t_alignatt,oracle,syn-ko-en,L1,,KO->EN,main,,,,,,,,,pending
m4t_alignatt,oracle,taxi,fixed-gap,-0.6,EN->DE,main,,,,,,,,,pending
m4t_alignatt,oracle,taxi,fixed-gap,-0.6,DE->EN,main,,,,,,,,,pending
m4t_alignatt,oracle,taxi,fixed-gap,-0.4,EN->DE,main,,,,,,,,,pending
m4t_alignatt,oracle,taxi,fixed-gap,-0.4,DE->EN,main,,,,,,,,,pending
m4t_alignatt,oracle,taxi,fixed-gap,-0.2,EN->DE,main,,,,,,,,,pending
m4t_alignatt,oracle,taxi,fixed-gap,-0.2,DE->EN,main,,,,,,,,,pending
m4t_alignatt,oracle,taxi,fixed-gap,0.05,EN->DE,main,,,,,,,,,pending
m4t_alignatt,oracle,taxi,fixed-gap,0.05,DE->EN,main,,,,,,,,,pending
m4t_alignatt,oracle,taxi,fixed-gap,0.2,EN->DE,main,,,,,,,,,pending
m4t_alignatt,oracle,taxi,fixed-gap,0.2,DE->EN,main,,,,,,,,,pending
m4t_alignatt,oracle,taxi,fixed-gap,0.5,EN->DE,main,,,,,,,,,pending
m4t_alignatt,oracle,taxi,fixed-gap,0.5,DE->EN,main,,,,,,,,,pending
m4t_alignatt,oracle,taxi,fixed-gap,1.0,EN->DE,main,,,,,,,,,pending
m4t_alignatt,oracle,taxi,fixed-gap,1.0,DE->EN,main,,,,,,,,,pending
m4t_alignatt,oracle,taxi,fixed-gap,2.0,EN->DE,main,,,,,,,,,pending
m4t_alignatt,oracle,taxi,fixed-gap,2.0,DE->EN,main,,,,,,,,,pending
m4t_alignatt,realistic,taxi,L0-mediated,,EN->DE,main,,,,,,,,,pending
m4t_alignatt,realistic,taxi,L0-mediated,,DE->EN,main,,,,,,,,,pending
m4t_alignatt,realistic,taxi,L0-natural,,EN->DE,main,,,,,,,,,pending
m4t_alignatt,realistic,taxi,L0-natural,,DE->EN,main,,,,,,,,,pending
m4t_alignatt,realistic,taxi,L1,,EN->DE,main,,,,,,,,,pending
m4t_alignatt,realistic,taxi,L1,,DE->EN,main,,,,,,,,,pending
m4t_alignatt,realistic,syn-en-de,L0-natural,,EN->DE,main,,,,,,,,,pending
m4t_alignatt,realistic,syn-en-de,L0-natural,,DE->EN,main,,,,,,,,,pending
m4t_alignatt,realistic,syn-en-de,L1,,EN->DE,main,,,,,,,,,pending
m4t_alignatt,realistic,syn-en-de,L1,,DE->EN,main,,,,,,,,,pending
m4t_alignatt,realistic,syn-ko-en,L0-natural,,EN->KO,main,,,,,,,,,pending
m4t_alignatt,realistic,syn-ko-en,L0-natural,,KO->EN,main,,,,,,,,,pending
m4t_alignatt,realistic,syn-ko-en,L1,,EN->KO,main,,,,,,,,,pending
m4t_alignatt,realistic,syn-ko-en,L1,,KO->EN,main,,,,,,,,,pending
m4t_alignatt,realistic,taxi,fixed-gap,-0.6,EN->DE,main,,,,,,,,,pending
m4t_alignatt,realistic,taxi,fixed-gap,-0.6,DE->EN,main,,,,,,,,,pending
m4t_alignatt,realistic,taxi,fixed-gap,-0.4,EN->DE,main,,,,,,,,,pending
m4t_alignatt,realistic,taxi,fixed-gap,-0.4,DE->EN,main,,,,,,,,,pending
m4t_alignatt,realistic,taxi,fixed-gap,-0.2,EN->DE,main,,,,,,,,,pending
m4t_alignatt,realistic,taxi,fixed-gap,-0.2,DE->EN,main,,,,,,,,,pending
m4t_alignatt,realistic,taxi,fixed-gap,0.05,EN->DE,main,,,,,,,,,pending
m4t_alignatt,realistic,taxi,fixed-gap,0.05,DE->EN,main,,,,,,,,,pending
m4t_alignatt,realistic,taxi,fixed-gap,0.2,EN->DE,main,,,,,,,,,pending
m4t_alignatt,realistic,taxi,fixed-gap,0.2,DE->EN,main,,,,,,,,,pending
m4t_alignatt,realistic,taxi,fixed-gap,0.5,EN->DE,main,,,,,,,,,pending
m4t_alignatt,realistic,taxi,fixed-gap,0.5,DE->EN,main,,,,,,,,,pending
m4t_alignatt,realistic,taxi,fixed-gap,1.0,EN->DE,main,,,,,,,,,pending
m4t_alignatt,realistic,taxi,fixed-gap,1.0,DE->EN,main,,,,,,,,,pending
m4t_alignatt,realistic,taxi,fixed-gap,2.0,EN->DE,main,,,,,,,,,pending
m4t_alignatt,realistic,taxi,fixed-gap,2.0,DE->EN,main,,,,,,,,,pending
ours,none,taxi,L0-mediated,,EN->DE,main,,,,,,,,,pending
ours,none,taxi,L0-mediated,,DE->EN,main,,,,,,,,,pending
ours,none,taxi,L0-natural,,EN->DE,main,,,,,,,,,pending
ours,none,taxi,L0-natural,,DE->EN,main,,,,,,,,,pending
ours,none,taxi,L1,,EN->DE,main,,,,,,,,,pending
ours,none,taxi,L1,,DE->EN,main,,,,,,,,,pending
ours,none,syn-en-de,L0-natural,,EN->DE,main,,,,,,,,,pending
ours,none,syn-en-de,L0-natural,,DE->EN,main,,,,,,,,,pending
ours,none,syn-en-de,L1,,EN->DE,main,,,,,,,,,pending
ours,none,syn-en-de,L1,,DE->EN,main,,,,,,,,,pending
ours,none,syn-ko-en,L0-natural,,EN->KO,main,,,,,,,,,pending
ours,none,syn-ko-en,L0-natural,,KO->EN,main,,,,,,,,,pending
ours,none,syn-ko-en,L1,,EN->KO,main,,,,,,,,,pending
ours,none,syn-ko-en,L1,,KO->EN,main,,,,,,,,,pending
ours,none,taxi,fixed-gap,-0.6,EN->DE,main,,,,,,,,,pending
ours,none,taxi,fixed-gap,-0.6,DE->EN,main,,,,,,,,,pending
ours,none,taxi,fixed-gap,-0.4,EN->DE,main,,,,,,,,,pending
ours,none,taxi,fixed-gap,-0.4,DE->EN,main,,,,,,,,,pending
ours,none,taxi,fixed-gap,-0.2,EN->DE,main,,,,,,,,,pending
ours,none,taxi,fixed-gap,-0.2,DE->EN,main,,,,,,,,,pending
ours,none,taxi,fixed-gap,0.05,EN->DE,main,,,,,,,,,pending
ours,none,taxi,fixed-gap,0.05,DE->EN,main,,,,,,,,,pending
ours,none,taxi,fixed-gap,0.2,EN->DE,main,,,,,,,,,pending
ours,none,taxi,fixed-gap,0.2,DE->EN,main,,,,,,,,,pending
ours,none,taxi,fixed-gap,0.5,EN->DE,main,,,,,,,,,pending
ours,none,taxi,fixed-gap,0.5,DE->EN,main,,,,,,,,,pending
ours,none,taxi,fixed-gap,1.0,EN->DE,main,,,,,,,,,pending
ours,none,taxi,fixed-gap,1.0,DE->EN,main,,,,,,,,,pending
ours,none,taxi,fixed-gap,2.0,EN->DE,main,,,,,,,,,pending
ours,none,taxi,fixed-gap,2.0,DE->EN,main,,,,,,,,,pending
