config,session,turn_id,type,gap_s
natural,taxi/SES0037,0037CL02,speaker_change,0.05
natural,taxi/SES0037,0037DP03,speaker_change,0.1137
natural,taxi/SES0037,0037CL04,speaker_change,0.2373
natural,taxi/SES0037,0037DP05,speaker_change,0.05
natural,taxi/SES0037,0037CL06,speaker_change,0.2235
natural,taxi/SES0037,0037DP07,speaker_change,0.1927
natural,taxi/SES0038,0038CL02,speaker_change,0.2749
natural,taxi/SES0038,0038DP03,speaker_change,0.05
natural,taxi/SES0038,0038CL04,speaker_change,0.4048
natural,taxi/SES0038,0038DP05,speaker_change,0.317
natural,taxi/SES0038,0038CL06,speaker_change,0.3585
natural,taxi/SES0038,0038DP07,speaker_change,0.5055
natural,taxi/SES0039,0039CL02,speaker_change,0.05
natural,taxi/SES0039,0039DP03,speaker_change,0.232
natural,taxi/SES0039,0039CL04,speaker_change,0.1037
natural,taxi/SES0039,0039DP05,speaker_change,0.05
natural,taxi/SES0039,0039CL06,speaker_change,0.05
natural,taxi/SES0039,0039CL08,same_speaker,0.3164
natural,taxi/SES0040,0040CL02,speaker_change,0.05
natural,taxi/SES0040,0040DP03,speaker_change,0.3084
natural,taxi/SES0040,0040CL04,speaker_change,0.1171
natural,taxi/SES0040,0040DP05,speaker_change,0.05
natural,taxi/SES0040,0040DP08,same_speaker,0.4438
natural,taxi/SES0040,0040CL09,speaker_change,0.05
natural,taxi/SES0040,0040DP10,speaker_change,0.1055
natural,taxi/SES0041,0041CL02,speaker_change,0.2514
natural,taxi/SES0041,0041DP03,speaker_change,0.31
natural,taxi/SES0041,0041CL04,speaker_change,0.1115
natural,taxi/SES0041,0041DP05,speaker_change,0.6137
natural,taxi/SES0041,0041CL06,speaker_change,0.1169
natural,taxi/SES0041,0041DP07,speaker_change,0.1266
natural,taxi/SES0042,0042CL02,speaker_change,0.3155
natural,taxi/SES0042,0042DP03,speaker_change,0.1394
natural,taxi/SES0042,0042CL04,speaker_change,0.3735
natural,taxi/SES0042,0042DP05,speaker_change,0.05
natural,taxi/SES0043,0043CL02,speaker_change,0.4335
natural,taxi/SES0043,0043DP03,speaker_change,0.1846
natural,taxi/SES0043,0043CL04,speaker_change,0.3962
natural,taxi/SES0043,0043DP05,speaker_change,0.05
natural,taxi/SES0043,0043CL06,speaker_change,0.0549
natural,taxi/SES0043,0043DP07,speaker_change,0.1674
natural,taxi/SES0043,0043CL08,speaker_change,0.5516
natural,taxi/SES0043,0043DP10,speaker_change,0.5504
natural,taxi/SES0044,0044CL02,speaker_change,0.2847
natural,taxi/SES0044,0044DP03,speaker_change,0.2124
natural,taxi/SES0044,0044CL04,speaker_change,0.4418
natural,taxi/SES0044,0044DP05,speaker_change,0.7678
natural,taxi/SES0044,0044CL06,speaker_change,0.1586
natural,taxi/SES0044,0044DP07,speaker_change,0.1953
natural,taxi/SES0044,0044CL08,speaker_change,0.4866
natural,taxi/SES0044,0044CL10,same_speaker,0.6865
natural,taxi/SES0044,0044DP11,speaker_change,0.05
natural,taxi/SES0045,0045CL03,speaker_change,0.4308
natural,taxi/SES0045,0045DP04,speaker_change,0.05
natural,taxi/SES0045,0045CL05,speaker_change,0.4908
natural,taxi/SES0045,0045DP06,speaker_change,0.05
natural,taxi/SES0045,0045CL07,speaker_change,0.1424
natural,taxi/SES0045,0045DP08,speaker_change,0.0951
natural,taxi/SES0046,0046CL04,speaker_change,0.05
natural,taxi/SES0046,0046DP05,speaker_change,0.0551
natural,taxi/SES0046,0046CL06,speaker_change,0.087
natural,taxi/SES0046,0046DP07,speaker_change,0.3789
natural,taxi/SES0046,0046CL08,speaker_change,0.3815
natural,taxi/SES0047,0047CL03,speaker_change,0.5905
natural,taxi/SES0047,0047DP04,speaker_change,0.0655
natural,taxi/SES0047,0047CL05,speaker_change,0.3183
natural,taxi/SES0047,0047DP06,speaker_change,0.05
natural,taxi/SES0047,0047CL07,speaker_change,0.5256
natural,taxi/SES0047,0047DP08,speaker_change,0.2506
natural,taxi/SES0048,0048CL03,speaker_change,0.05
natural,taxi/SES0048,0048DP04,speaker_change,0.05
natural,taxi/SES0048,0048CL05,speaker_change,0.4365
natural,taxi/SES0050,0050CL02,speaker_change,0.3068
natural,taxi/SES0050,0050DP03,speaker_change,0.2662
natural,taxi/SES0050,0050CL04,speaker_change,0.05
natural,taxi/SES0050,0050DP05,speaker_change,0.2666
natural,taxi/SES0050,0050CL06,speaker_change,0.7559
natural,taxi/SES0050,0050DP07,speaker_change,0.0957
natural,taxi/SES0050,0050CL08,speaker_change,0.1286
natural,taxi/SES0051,0051CL03,speaker_change,0.1347
natural,taxi/SES0051,0051DP04,speaker_change,0.6415
natural,taxi/SES0051,0051CL05,speaker_change,0.5203
natural,taxi/SES0051,0051DP06,speaker_change,0.05
natural,taxi/SES0052,0052CL03,speaker_change,0.5947
natural,taxi/SES0052,0052DP04,speaker_change,0.2116
natural,taxi/SES0052,0052CL05,speaker_change,0.2909
natural,taxi/SES0052,0052DP07,speaker_change,0.2278
natural,taxi/SES0054,0054CL02,speaker_change,0.0703
natural,taxi/SES0054,0054DP03,speaker_change,0.264
natural,taxi/SES0054,0054CL04,speaker_change,0.05
natural,taxi/SES0054,0054DP05,speaker_change,0.4029
natural,taxi/SES0055,0055CL02,speaker_change,0.4092
natural,taxi/SES0055,0055DP03,speaker_change,0.8177
natural,taxi/SES0055,0055CL04,speaker_change,0.3465
natural,taxi/SES0055,0055DP05,speaker_change,0.05
natural,taxi/SES0056,0056CL02,speaker_change,0.0622
natural,taxi/SES0056,0056CL03,same_speaker,0.3377
natural,taxi/SES0057,0057CL03,speaker_change,0.0536
natural,taxi/SES0057,0057DP04,speaker_change,0.1803
natural,taxi/SES0057,0057CL05,speaker_change,0.05
natural,taxi/SES0057,0057DP06,speaker_change,0.05
natural,taxi/SES0057,0057CL07,speaker_change,0.05
natural,taxi/SES0058,0058CL02,speaker_change,0.3209
natural,taxi/SES0058,0058DP03,speaker_change,0.3589
natural,taxi/SES0058,0058CL04,speaker_change,0.2602
natural,taxi/SES0058,0058DP05,speaker_change,0.9095
natural,taxi/SES0058,0058CL06,speaker_change,0.4741
natural,taxi/SES0058,0058DP07,speaker_change,0.6397
natural,taxi/SES0058,0058CL08,speaker_change,0.0996
natural,taxi/SES0059,0059CL02,speaker_change,0.05
natural,taxi/SES0059,0059DP03,speaker_change,0.4776
natural,taxi/SES0059,0059DP04,same_speaker,0.751
natural,taxi/SES0059,0059DP05,same_speaker,0.5107
natural,taxi/SES0059,0059CL06,speaker_change,0.3623
natural,taxi/SES0059,0059DP07,speaker_change,0.2312
natural,taxi/SES0059,0059CL08,speaker_change,0.1997
natural,taxi/SES0059,0059DP09,speaker_change,0.5608
natural,taxi/SES0060,0060CL02,speaker_change,0.1583
natural,taxi/SES0060,0060DP03,speaker_change,0.3845
natural,taxi/SES0060,0060CL04,speaker_change,0.9324
natural,taxi/SES0060,0060DP05,speaker_change,0.3662
natural,taxi/SES0060,0060CL06,speaker_change,0.05
natural,taxi/SES0060,0060DP07,speaker_change,0.1082
natural,taxi/SES0060,0060CL08,speaker_change,0.3603
natural,taxi/SES0060,0060DP09,speaker_change,0.1876
natural,taxi/SES0060,0060CL10,speaker_change,0.6592
natural,taxi/SES0060,0060DP11,speaker_change,0.05
natural,taxi/SES0061,0061CL02,speaker_change,0.249
natural,taxi/SES0062,0062CL02,speaker_change,0.2029
natural,taxi/SES0062,0062CL03,same_speaker,0.4431
natural,taxi/SES0063,0063CL02,speaker_change,0.05
natural,taxi/SES0063,0063DP03,speaker_change,0.2176
natural,taxi/SES0063,0063CL04,speaker_change,0.4621
natural,taxi/SES0063,0063DP05,speaker_change,0.1415
natural,taxi/SES0063,0063CL06,speaker_change,0.1087
natural,taxi/SES0063,0063DP07,speaker_change,0.4227
natural,taxi/SES0063,0063CL08,speaker_change,0.4127
natural,taxi/SES0063,0063DP09,speaker_change,0.2148
natural,taxi/SES0064,0064CL02,speaker_change,0.05
natural,taxi/SES0064,0064DP03,speaker_change,0.6354
natural,taxi/SES0064,0064CL04,speaker_change,0.4284
natural,taxi/SES0065,0065CL02,speaker_change,0.3749
natural,taxi/SES0065,0065DP03,speaker_change,0.2384
natural,taxi/SES0065,0065CL04,speaker_change,0.1922
natural,taxi/SES0065,0065DP05,speaker_change,0.4213
natural,taxi/SES0065,0065CL06,speaker_change,0.5085
natural,taxi/SES0065,0065DP07,speaker_change,0.4531
natural,taxi/SES0065,0065CL08,speaker_change,0.3539
natural,taxi/SES0065,0065DP09,speaker_change,0.3768
natural,taxi/SES0066,0066CL02,speaker_change,0.3372
natural,taxi/SES0066,0066DP03,speaker_change,0.111
natural,taxi/SES0066,0066CL04,speaker_change,0.2019
natural,taxi/SES0066,0066CL06,same_speaker,0.5041
natural,taxi/SES0066,0066DP07,speaker_change,0.6643
natural,taxi/SES0066,0066CL08,speaker_change,0.238
natural,taxi/SES0066,0066DP09,speaker_change,0.2084
natural,taxi/SES0066,0066CL10,speaker_change,0.404
natural,taxi/SES0066,0066DP11,speaker_change,0.6566
natural,taxi/SES0066,0066DP13,same_speaker,0.3131
natural,taxi/SES0066,0066CL14,speaker_change,0.0925
natural,taxi/SES0066,0066DP15,speaker_change,0.222
natural,taxi/SES0066,0066CL16,speaker_change,0.1128
natural,taxi/SES0066,0066DP17,speaker_change,0.1032
natural,taxi/SES0066,0066CL18,speaker_change,0.0512
natural,taxi/SES0066,0066DP19,speaker_change,0.1059
natural,taxi/SES0067,0067CL02,speaker_change,0.3623
natural,taxi/SES0067,0067DP03,speaker_change,0.3144
natural,taxi/SES0067,0067CL04,speaker_change,0.0913
natural,taxi/SES0067,0067DP05,speaker_change,0.4014
natural,taxi/SES0067,0067CL06,speaker_change,0.336
natural,taxi/SES0067,0067DP07,speaker_change,0.1446
natural,taxi/SES0067,0067CL08,speaker_change,0.6277
natural,taxi/SES0067,0067DP09,speaker_change,0.2461
natural,taxi/SES0067,0067CL10,speaker_change,0.2275
natural,taxi/SES0067,0067DP11,speaker_change,0.3984
natural,taxi/SES0068,0068CL02,speaker_change,0.6097
natural,taxi/SES0068,0068CL04,same_speaker,0.6959
natural,taxi/SES0068,0068DP05,speaker_change,0.1569
natural,taxi/SES0068,0068CL06,speaker_change,0.1232
natural,taxi/SES0068,0068DP07,speaker_change,0.05
natural,taxi/SES0068,0068CL08,speaker_change,0.5961
natural,taxi/SES0068,0068DP09,speaker_change,0.2753
natural,taxi/SES0069,0069CL02,speaker_change,0.4697
natural,taxi/SES0069,0069DP03,speaker_change,0.1849
natural,taxi/SES0069,0069CL04,speaker_change,0.178
natural,taxi/SES0069,0069DP05,speaker_change,0.3165
natural,taxi/SES0069,0069CL06,speaker_change,0.4359
natural,taxi/SES0069,0069DP07,speaker_change,0.1885
natural,taxi/SES0070,0070CL02,speaker_change,0.3547
natural,taxi/SES0070,0070DP03,speaker_change,0.05
natural,taxi/SES0070,0070CL04,speaker_change,0.2798
natural,taxi/SES0070,0070DP05,speaker_change,0.05
natural,taxi/SES0070,0070CL06,speaker_change,0.05
natural,taxi/SES0070,0070DP07,speaker_change,0.123
natural,taxi/SES0071,0071CL02,speaker_change,0.0649
natural,taxi/SES0071,0071DP06,speaker_change,0.5956
natural,taxi/SES0071,0071CL07,speaker_change,0.759
natural,taxi/SES0071,0071DP08,speaker_change,0.4998
natural,taxi/SES0071,0071CL09,speaker_change,0.4261
natural,taxi/SES0071,0071DP10,speaker_change,0.05
natural,taxi/SES0071,0071CL11,speaker_change,0.3143
natural,taxi/SES0071,0071DP12,speaker_change,0.2347
natural,taxi/SES0072,0072CL02,speaker_change,0.5423
natural,taxi/SES0072,0072DP03,speaker_change,0.6802
natural,taxi/SES0072,0072CL04,speaker_change,0.7848
natural,taxi/SES0072,0072DP05,speaker_change,0.05
natural,taxi/SES0072,0072CL06,speaker_change,0.0708
natural,taxi/SES0072,0072DP07,speaker_change,0.1563
natural,taxi/SES0072,0072CL08,speaker_change,0.3075
natural,taxi/SES0072,0072DP09,speaker_change,0.2495
natural,taxi/SES0073,0073CL02,speaker_change,0.1561
natural,taxi/SES0073,0073DP03,speaker_change,0.491
natural,taxi/SES0073,0073CL04,speaker_change,0.05
natural,taxi/SES0073,0073DP05,speaker_change,0.183
natural,taxi/SES0073,0073CL07,speaker_change,0.0615
natural,taxi/SES0073,0073DP08,speaker_change,0.3239
natural,taxi/SES0074,0074CL02,speaker_change,0.415
natural,taxi/SES0074,0074DP03,speaker_change,0.05
natural,taxi/SES0074,0074CL05,speaker_change,0.844
natural,taxi/SES0074,0074DP06,speaker_change,0.3683
natural,taxi/SES0074,0074CL08,speaker_change,0.05
natural,taxi/SES0074,0074DP09,speaker_change,0.1777
natural,taxi/SES0076,0076CL02,speaker_change,0.2037
natural,taxi/SES0076,0076DP03,speaker_change,0.05
natural,taxi/SES0076,0076CL05,speaker_change,0.5255
natural,taxi/SES0076,0076DP06,speaker_change,0.1506
natural,taxi/SES0076,0076CL08,speaker_change,0.05
natural,taxi/SES0077,0077CL02,speaker_change,0.5241
natural,taxi/SES0077,0077DP03,speaker_change,0.4474
natural,taxi/SES0078,0078CL02,speaker_change,0.2576
natural,taxi/SES0078,0078DP03,speaker_change,0.2404
natural,taxi/SES0079,0079CL02,speaker_change,0.1682
natural,taxi/SES0079,0079DP03,speaker_change,0.6354
natural,taxi/SES0080,0080CL02,speaker_change,0.1223
natural,taxi/SES0080,0080DP03,speaker_change,0.142
natural,taxi/SES0081,0081CL02,speaker_change,0.1998
natural,taxi/SES0081,0081DP03,speaker_change,0.05
natural,taxi/SES0081,0081CL04,speaker_change,0.1269
natural,taxi/SES0082,0082CL02,speaker_change,0.05
natural,taxi/SES0082,0082DP03,speaker_change,0.1526
natural,taxi/SES0082,0082CL05,speaker_change,0.2011
natural,taxi/SES0082,0082DP06,speaker_change,0.05
natural,taxi/SES0082,0082CL07,speaker_change,0.05
natural,taxi/SES0082,0082DP08,speaker_change,0.05
natural,taxi/SES0082,0082CL09,speaker_change,0.0529
natural,taxi/SES0082,0082DP10,speaker_change,0.151
natural,taxi/SES0082,0082CL11,speaker_change,0.2265
natural,taxi/SES0084,0084CL02,speaker_change,0.1896
natural,taxi/SES0084,0084DP03,speaker_change,0.05
natural,taxi/SES0084,0084CL04,speaker_change,0.3971
natural,taxi/SES0084,0084DP05,speaker_change,0.4438
natural,taxi/SES0084,0084CL06,speaker_change,0.24
natural,taxi/SES0084,0084DP07,speaker_change,0.05
natural,taxi/SES0086,0086CL02,speaker_change,0.05
natural,taxi/SES0086,0086DP03,speaker_change,0.1119
natural,taxi/SES0086,0086CL04,speaker_change,0.05
natural,taxi/SES0086,0086DP06,speaker_change,0.4558
natural,taxi/SES0086,0086CL07,speaker_change,0.0592
natural,taxi/SES0086,0086DP08,speaker_change,0.05
natural,taxi/SES0086,0086CL09,speaker_change,0.4965
natural,taxi/SES0086,0086DP10,speaker_change,0.2889
natural,taxi/SES0087,0087CL02,speaker_change,0.3307
natural,taxi/SES0087,0087DP03,speaker_change,0.0518
natural,taxi/SES0087,0087CL04,speaker_change,0.4544
natural,taxi/SES0087,0087DP08,speaker_change,0.3642
natural,taxi/SES0087,0087CL09,speaker_change,0.3982
natural,taxi/SES0087,0087DP11,speaker_change,0.2696
natural,taxi/SES0088,0088CL02,speaker_change,0.3772
natural,taxi/SES0088,0088DP04,speaker_change,0.4354
natural,taxi/SES0088,0088CL05,speaker_change,0.0598
natural,taxi/SES0088,0088DP07,speaker_change,0.3413
natural,taxi/SES0088,0088CL08,speaker_change,0.3382
natural,taxi/SES0088,0088DP09,speaker_change,0.4848
natural,taxi/SES0088,0088CL10,speaker_change,0.05
natural,taxi/SES0088,0088DP11,speaker_change,0.05
natural,taxi/SES0088,0088CL12,speaker_change,0.2335
natural,taxi/SES0088,0088DP13,speaker_change,0.05
natural,taxi/SES0089,0089CL02,speaker_change,0.05
natural,taxi/SES0089,0089DP03,speaker_change,0.2455
natural,taxi/SES0089,0089CL04,speaker_change,0.5801
natural,taxi/SES0089,0089DP06,speaker_change,0.1943
natural,taxi/SES0089,0089CL07,speaker_change,0.7934
natural,taxi/SES0089,0089DP08,speaker_change,0.05
natural,taxi/SES0090,0090CL02,speaker_change,0.1989
natural,taxi/SES0090,0090DP03,speaker_change,0.05
natural,taxi/SES0090,0090CL04,speaker_change,0.2294
natural,taxi/SES0090,0090DP05,speaker_change,0.1198
natural,taxi/SES0090,0090CL06,speaker_change,0.2473
natural,taxi/SES0091,0091CL02,speaker_change,0.1067
natural,taxi/SES0091,0091DP03,speaker_change,0.5776
natural,taxi/SES0091,0091CL04,speaker_change,0.3537
natural,taxi/SES0091,0091DP05,speaker_change,0.1519
natural,taxi/SES0091,0091CL06,speaker_change,0.05
natural,taxi/SES0091,0091DP07,speaker_change,0.05
natural,taxi/SES0091,0091CL08,speaker_change,0.3561
natural,taxi/SES0093,0093CL02,speaker_change,0.3586
natural,taxi/SES0096,0096CL02,speaker_change,0.05
natural,taxi/SES0096,0096CL04,same_speaker,0.344
natural,taxi/SES0096,0096CL05,same_speaker,0.5754
natural,taxi/SES0097,0097CL02,speaker_change,0.1662
natural,taxi/SES0097,0097DP04,speaker_change,0.5779
natural,taxi/SES0098,0098CL02,speaker_change,0.1713
natural,taxi/SES0098,0098DP03,speaker_change,0.2061
natural,taxi/SES0098,0098CL04,speaker_change,0.1219
natural,taxi/SES0098,0098DP05,speaker_change,0.05
natural,taxi/SES0098,0098CL06,speaker_change,0.1097
natural,taxi/SES0098,0098DP07,speaker_change,0.5867
natural,taxi/SES0098,0098CL08,speaker_change,0.257
natural,taxi/SES0098,0098DP09,speaker_change,0.05
natural,taxi/SES0098,0098CL10,speaker_change,0.535
natural,taxi/SES0098,0098DP11,speaker_change,0.3881
natural,taxi/SES0100,0100CL02,speaker_change,0.1557
natural,taxi/SES0100,0100DP03,speaker_change,0.05
natural,taxi/SES0100,0100CL04,speaker_change,0.3068
natural,taxi/SES0100,0100DP05,speaker_change,0.0522
natural,taxi/SES0100,0100CL06,speaker_change,0.05
natural,taxi/SES0100,0100DP07,speaker_change,0.4421
natural,taxi/SES0101,0101CL02,speaker_change,0.0626
natural,taxi/SES0101,0101DP03,speaker_change,0.05
natural,taxi/SES0101,0101CL04,speaker_change,0.05
natural,taxi/SES0101,0101DP05,speaker_change,0.05
natural,taxi/SES0101,0101CL06,speaker_change,0.4617
natural,taxi/SES0101,0101DP07,speaker_change,0.4397
natural,taxi/SES0102,0102CL02,speaker_change,0.4408
natural,taxi/SES0102,0102DP03,speaker_change,0.2233
natural,taxi/SES0102,0102CL04,speaker_change,0.05
natural,taxi/SES0102,0102DP05,speaker_change,0.3226
natural,taxi/SES0102,0102CL06,speaker_change,0.05
natural,taxi/SES0102,0102DP07,speaker_change,0.5401
natural,taxi/SES0102,0102CL08,speaker_change,0.3058
natural,taxi/SES0102,0102DP09,speaker_change,0.1609
natural,taxi/SES0102,0102CL10,speaker_change,0.05
natural,taxi/SES0103,0103CL02,speaker_change,0.05
natural,taxi/SES0103,0103DP03,speaker_change,0.2508
natural,taxi/SES0103,0103CL04,speaker_change,0.05
natural,taxi/SES0103,0103DP05,speaker_change,0.4646
natural,taxi/SES0103,0103CL06,speaker_change,0.327
natural,taxi/SES0103,0103DP07,speaker_change,0.05
natural,taxi/SES0104,0104CL02,speaker_change,0.05
natural,taxi/SES0104,0104DP03,speaker_change,0.05
natural,taxi/SES0104,0104CL04,speaker_change,0.587
natural,taxi/SES0104,0104DP05,speaker_change,0.05
natural,taxi/SES0104,0104CL06,speaker_change,0.4545
natural,taxi/SES0104,0104DP07,speaker_change,0.05
natural,taxi/SES0105,0105CL02,speaker_change,0.3568
natural,taxi/SES0105,0105DP04,speaker_change,0.1324
natural,taxi/SES0105,0105CL05,speaker_change,0.355
natural,taxi/SES0105,0105DP06,speaker_change,0.0902
natural,taxi/SES0105,0105CL07,speaker_change,0.0742
natural,taxi/SES0105,0105DP08,speaker_change,0.05
natural,taxi/SES0106,0106CL02,speaker_change,0.05
natural,taxi/SES0106,0106DP03,speaker_change,0.05
natural,taxi/SES0106,0106CL04,speaker_change,0.05
natural,taxi/SES0106,0106DP05,speaker_change,0.05
natural,taxi/SES0106,0106CL06,speaker_change,0.05
natural,taxi/SES0106,0106DP07,speaker_change,0.05
natural,taxi/SES0106,0106CL08,speaker_change,0.5066
natural,taxi/SES0106,0106DP09,speaker_change,0.05
natural,taxi/SES0107,0107CL02,speaker_change,0.3834
natural,taxi/SES0107,0107DP03,speaker_change,0.05
natural,taxi/SES0107,0107CL04,speaker_change,0.4562
natural,taxi/SES0107,0107DP05,speaker_change,0.243
natural,taxi/SES0107,0107CL06,speaker_change,0.2459
natural,taxi/SES0107,0107DP07,speaker_change,0.2972
natural,taxi/SES0107,0107CL08,speaker_change,0.05
natural,taxi/SES0107,0107DP09,speaker_change,0.1442
natural,taxi/SES0108,0108CL02,speaker_change,0.1808
natural,taxi/SES0108,0108DP03,speaker_change,0.1129
natural,taxi/SES0108,0108CL04,speaker_change,0.556
natural,taxi/SES0108,0108DP05,speaker_change,0.0944
natural,taxi/SES0108,0108CL06,speaker_change,0.1891
natural,taxi/SES0108,0108DP07,speaker_change,0.4651
natural,taxi/SES0108,0108CL08,speaker_change,0.1406
natural,taxi/SES0108,0108DP09,speaker_change,0.3833
natural,taxi/SES0109,0109CL02,speaker_change,0.2724
natural,taxi/SES0109,0109DP03,speaker_change,0.05
natural,taxi/SES0109,0109CL04,speaker_change,0.2587
natural,taxi/SES0109,0109DP05,speaker_change,0.2776
natural,taxi/SES0109,0109CL06,speaker_change,0.4079
natural,taxi/SES0109,0109DP07,speaker_change,0.05
natural,taxi/SES0109,0109CL08,speaker_change,0.608
natural,taxi/SES0109,0109DP09,speaker_change,0.5078
natural,taxi/SES0109,0109CL10,speaker_change,0.1865
natural,taxi/SES0109,0109DP11,speaker_change,0.05
natural,taxi/SES0110,0110CL02,speaker_change,0.1492
natural,taxi/SES0110,0110DP03,speaker_change,0.05
natural,taxi/SES0110,0110CL04,speaker_change,0.1952
natural,taxi/SES0110,0110DP05,speaker_change,0.2776
natural,taxi/SES0110,0110CL06,speaker_change,0.2813
natural,taxi/SES0110,0110DP07,speaker_change,0.2292
natural,taxi/SES0111,0111CL02,speaker_change,0.2776
natural,taxi/SES0111,0111DP03,speaker_change,0.361
natural,taxi/SES0111,0111CL04,speaker_change,0.4822
natural,taxi/SES0111,0111DP05,speaker_change,0.3948
natural,taxi/SES0111,0111CL06,speaker_change,0.687
natural,taxi/SES0111,0111DP07,speaker_change,0.05
natural,taxi/SES0111,0111CL08,speaker_change,0.3332
natural,taxi/SES0111,0111DP09,speaker_change,0.225
natural,taxi/SES0111,0111CL10,speaker_change,0.3504
natural,taxi/SES0111,0111DP11,speaker_change,0.2551
natural,taxi/SES0112,0112CL02,speaker_change,0.2365
natural,taxi/SES0112,0112DP03,speaker_change,0.3887
natural,taxi/SES0112,0112CL04,speaker_change,0.3233
natural,taxi/SES0112,0112DP05,speaker_change,0.05
natural,taxi/SES0112,0112CL06,speaker_change,0.3683
natural,taxi/SES0112,0112DP07,speaker_change,0.4582
natural,taxi/SES0112,0112CL08,speaker_change,0.0629
natural,taxi/SES0112,0112DP09,speaker_change,0.543
natural,taxi/SES0112,0112CL10,speaker_change,0.5333
natural,taxi/SES0112,0112DP11,speaker_change,0.331
natural,taxi/SES0113,0113CL02,speaker_change,0.05
natural,taxi/SES0113,0113DP03,speaker_change,0.05
natural,taxi/SES0113,0113CL04,speaker_change,0.05
natural,taxi/SES0113,0113DP05,speaker_change,0.2231
natural,taxi/SES0113,0113CL06,speaker_change,0.2354
natural,taxi/SES0113,0113DP07,speaker_change,0.4952
natural,taxi/SES0113,0113CL08,speaker_change,0.05
natural,taxi/SES0113,0113DP09,speaker_change,0.4262
natural,taxi/SES0114,0114CL02,speaker_change,0.297
natural,taxi/SES0114,0114DP03,speaker_change,0.5259
natural,taxi/SES0114,0114CL04,speaker_change,0.05
natural,taxi/SES0114,0114DP05,speaker_change,0.4267
natural,taxi/SES0114,0114CL06,speaker_change,0.1244
natural,taxi/SES0114,0114DP07,speaker_change,0.3648
natural,taxi/SES0114,0114CL08,speaker_change,0.05
natural,taxi/SES0114,0114DP09,speaker_change,0.05
natural,taxi/SES0115,0115CL02,speaker_change,0.05
natural,taxi/SES0115,0115DP03,speaker_change,0.1472
natural,taxi/SES0115,0115CL04,speaker_change,0.05
natural,taxi/SES0115,0115DP05,speaker_change,0.05
natural,taxi/SES0115,0115CL06,speaker_change,0.05
natural,taxi/SES0115,0115DP07,speaker_change,0.4318
natural,taxi/SES0115,0115CL08,speaker_change,0.05
natural,taxi/SES0115,0115DP09,speaker_change,0.05
natural,taxi/SES0115,0115CL10,speaker_change,0.7325
natural,taxi/SES0115,0115DP11,speaker_change,0.1539
natural,taxi/SES0115,0115CL12,speaker_change,0.5828
natural,taxi/SES0115,0115DP13,speaker_change,0.2606
natural,taxi/SES0115,0115CL14,speaker_change,0.1493
natural,taxi/SES0116,0116CL02,speaker_change,0.6165
natural,taxi/SES0116,0116DP03,speaker_change,0.7815
natural,taxi/SES0116,0116CL04,speaker_change,0.05
natural,taxi/SES0116,0116DP05,speaker_change,0.1311
natural,taxi/SES0116,0116CL06,speaker_change,0.4424
natural,taxi/SES0116,0116DP07,speaker_change,0.1135
natural,taxi/SES0116,0116CL08,speaker_change,0.2673
natural,taxi/SES0116,0116DP09,speaker_change,0.1551
natural,taxi/SES0117,0117CL02,speaker_change,0.3074
natural,taxi/SES0117,0117DP03,speaker_change,0.278
natural,taxi/SES0117,0117CL04,speaker_change,0.05
natural,taxi/SES0117,0117DP05,speaker_change,0.2684
natural,taxi/SES0117,0117CL06,speaker_change,0.0656
natural,taxi/SES0117,0117DP07,speaker_change,0.595
natural,taxi/SES0117,0117CL08,speaker_change,0.2056
natural,taxi/SES0117,0117DP09,speaker_change,0.1697
natural,taxi/SES0117,0117CL10,speaker_change,0.1051
natural,taxi/SES0117,0117DP11,speaker_change,0.6689
natural,taxi/SES0117,0117CL12,speaker_change,0.05
natural,taxi/SES0117,0117DP13,speaker_change,0.05
natural,taxi/SES0118,0118CL02,speaker_change,0.1646
natural,taxi/SES0118,0118DP03,speaker_change,0.05
natural,taxi/SES0118,0118CL04,speaker_change,0.05
natural,taxi/SES0118,0118DP05,speaker_change,0.5145
natural,taxi/SES0118,0118CL06,speaker_change,0.2252
natural,taxi/SES0119,0119CL02,speaker_change,0.3087
natural,taxi/SES0119,0119DP03,speaker_change,0.2846
natural,taxi/SES0119,0119CL04,speaker_change,0.5252
natural,taxi/SES0119,0119DP05,speaker_change,0.4168
natural,taxi/SES0119,0119CL06,speaker_change,0.2695
natural,taxi/SES0119,0119DP07,speaker_change,0.2919
natural,taxi/SES0119,0119DP09,same_speaker,0.5236
natural,taxi/SES0120,0120CL02,speaker_change,0.4621
natural,taxi/SES0120,0120DP03,speaker_change,0.6476
natural,taxi/SES0120,0120CL04,speaker_change,0.4901
natural,taxi/SES0120,0120DP05,speaker_change,0.05
natural,taxi/SES0120,0120CL06,speaker_change,0.6691
natural,taxi/SES0120,0120DP07,speaker_change,0.4029
natural,taxi/SES0120,0120CL08,speaker_change,0.4361
natural,taxi/SES0120,0120DP09,speaker_change,0.4307
natural,taxi/SES0120,0120CL10,speaker_change,0.2307
natural,taxi/SES0120,0120DP11,speaker_change,0.05
natural,taxi/SES0120,0120CL12,speaker_change,0.2588
natural,taxi/SES0120,0120DP13,speaker_change,0.3927
natural,taxi/SES0120,0120CL14,speaker_change,0.2734
natural,taxi/SES0121,0121CL02,speaker_change,0.1536
natural,taxi/SES0121,0121DP03,speaker_change,0.3949
natural,taxi/SES0121,0121CL04,speaker_change,0.6191
natural,taxi/SES0121,0121DP05,speaker_change,0.2474
natural,taxi/SES0121,0121CL06,speaker_change,0.5843
natural,taxi/SES0121,0121DP07,speaker_change,0.2245
natural,taxi/SES0122,0122CL02,speaker_change,0.05
natural,taxi/SES0122,0122DP03,speaker_change,0.05
natural,taxi/SES0122,0122CL04,speaker_change,0.05
natural,taxi/SES0122,0122DP05,speaker_change,0.3456
natural,taxi/SES0122,0122CL06,speaker_change,0.6461
natural,taxi/SES0122,0122DP07,speaker_change,0.1908
natural,taxi/SES0122,0122CL08,speaker_change,0.05
natural,taxi/SES0123,0123DP03,speaker_change,0.0577
natural,taxi/SES0123,0123CL04,speaker_change,0.788
natural,taxi/SES0123,0123CL06,same_speaker,0.3629
natural,taxi/SES0123,0123DP07,speaker_change,0.329
natural,taxi/SES0123,0123CL08,speaker_change,0.05
natural,taxi/SES0123,0123DP09,speaker_change,0.1424
natural,taxi/SES0124,0124CL02,speaker_change,0.2394
natural,taxi/SES0124,0124DP03,speaker_change,0.4542
natural,taxi/SES0124,0124CL04,speaker_change,0.1249
natural,taxi/SES0124,0124DP05,speaker_change,0.2756
natural,taxi/SES0124,0124CL06,speaker_change,0.5502
natural,taxi/SES0124,0124DP07,speaker_change,0.4249
natural,taxi/SES0124,0124CL08,speaker_change,0.6739
natural,taxi/SES0124,0124DP09,speaker_change,0.2789
natural,taxi/SES0124,0124CL10,speaker_change,0.0505
natural,taxi/SES0124,0124DP11,speaker_change,0.4909
natural,taxi/SES0125,0125CL02,speaker_change,0.1967
natural,taxi/SES0125,0125DP03,speaker_change,0.2109
natural,taxi/SES0125,0125CL04,speaker_change,0.05
natural,taxi/SES0125,0125DP05,speaker_change,0.1262
natural,taxi/SES0125,0125CL06,speaker_change,0.1153
natural,taxi/SES0125,0125DP07,speaker_change,0.2676
natural,taxi/SES0125,0125CL08,speaker_change,0.05
natural,taxi/SES0125,0125DP09,speaker_change,0.4209
natural,taxi/SES0126,0126CL02,speaker_change,0.0911
natural,taxi/SES0126,0126DP03,speaker_change,0.3106
natural,taxi/SES0126,0126CL04,speaker_change,0.1464
natural,taxi/SES0126,0126DP05,speaker_change,0.6524
natural,taxi/SES0126,0126CL06,speaker_change,0.3278
natural,taxi/SES0126,0126DP07,speaker_change,0.4121
natural,taxi/SES0128,0128CL02,speaker_change,0.05
natural,taxi/SES0128,0128DP03,speaker_change,0.05
natural,taxi/SES0128,0128CL04,speaker_change,0.1652
natural,taxi/SES0128,0128DP05,speaker_change,0.57
natural,taxi/SES0128,0128CL06,speaker_change,0.05
natural,taxi/SES0128,0128DP07,speaker_change,0.2619
natural,taxi/SES0129,0129CL02,speaker_change,0.4211
natural,taxi/SES0129,0129DP03,speaker_change,0.5141
natural,taxi/SES0129,0129CL04,speaker_change,0.3734
natural,taxi/SES0129,0129DP05,speaker_change,0.1028
natural,taxi/SES0129,0129CL06,speaker_change,0.3838
natural,taxi/SES0129,0129DP07,speaker_change,0.1263
natural,taxi/SES0129,0129CL08,speaker_change,0.1475
natural,taxi/SES0129,0129DP09,speaker_change,0.05
natural,taxi/SES0129,0129CL10,speaker_change,0.05
natural,taxi/SES0129,0129DP11,speaker_change,0.05
natural,taxi/SES0129,0129CL12,speaker_change,0.0743
natural,taxi/SES0129,0129DP13,speaker_change,0.132
natural,taxi/SES0130,0130CL02,speaker_change,0.1183
natural,taxi/SES0130,0130DP03,speaker_change,0.6879
natural,taxi/SES0130,0130CL04,speaker_change,0.05
natural,taxi/SES0130,0130DP05,speaker_change,0.8377
natural,taxi/SES0130,0130CL06,speaker_change,0.1834
natural,taxi/SES0130,0130DP07,speaker_change,0.2585
natural,taxi/SES0130,0130CL08,speaker_change,0.05
natural,taxi/SES0130,0130DP09,speaker_change,0.2706
natural,taxi/SES0130,0130CL10,speaker_change,0.0851
mediated,taxi/SES0037,0037CL02,speaker_change,2.1267
mediated,taxi/SES0037,0037DP03,speaker_change,1.6549
mediated,taxi/SES0037,0037CL04,speaker_change,2.5571
mediated,taxi/SES0037,0037DP05,speaker_change,1.5901
mediated,taxi/SES0037,0037CL06,speaker_change,2.9044
mediated,taxi/SES0037,0037DP07,speaker_change,1.0097
mediated,taxi/SES0038,0038CL02,speaker_change,2.586
mediated,taxi/SES0038,0038DP03,speaker_change,1.9345
mediated,taxi/SES0038,0038CL04,speaker_change,1.1652
mediated,taxi/SES0038,0038DP05,speaker_change,1.7185
mediated,taxi/SES0038,0038CL06,speaker_change,1.3477
mediated,taxi/SES0038,0038DP07,speaker_change,2.2247
mediated,taxi/SES0039,0039CL02,speaker_change,1.9827
mediated,taxi/SES0039,0039DP03,speaker_change,2.8769
mediated,taxi/SES0039,0039CL04,speaker_change,2.3738
mediated,taxi/SES0039,0039DP05,speaker_change,1.7835
mediated,taxi/SES0039,0039CL06,speaker_change,1.8743
mediated,taxi/SES0039,0039CL08,same_speaker,0.3967
mediated,taxi/SES0040,0040CL02,speaker_change,1.893
mediated,taxi/SES0040,0040DP03,speaker_change,2.1579
mediated,taxi/SES0040,0040CL04,speaker_change,2.4449
mediated,taxi/SES0040,0040DP05,speaker_change,2.688
mediated,taxi/SES0040,0040DP08,same_speaker,0.4438
mediated,taxi/SES0040,0040CL09,speaker_change,2.1001
mediated,taxi/SES0040,0040DP10,speaker_change,2.0513
mediated,taxi/SES0041,0041CL02,speaker_change,1.3609
mediated,taxi/SES0041,0041DP03,speaker_change,1.2225
mediated,taxi/SES0041,0041CL04,speaker_change,1.5671
mediated,taxi/SES0041,0041DP05,speaker_change,2.5222
mediated,taxi/SES0041,0041CL06,speaker_change,2.2302
mediated,taxi/SES0041,0041DP07,speaker_change,1.1873
mediated,taxi/SES0042,0042CL02,speaker_change,2.8461
mediated,taxi/SES0042,0042DP03,speaker_change,1.2546
mediated,taxi/SES0042,0042CL04,speaker_change,2.6476
mediated,taxi/SES0042,0042DP05,speaker_change,2.3995
mediated,taxi/SES0043,0043CL02,speaker_change,2.9791
mediated,taxi/SES0043,0043DP03,speaker_change,1.7095
mediated,taxi/SES0043,0043CL04,speaker_change,2.642
mediated,taxi/SES0043,0043DP05,speaker_change,2.618
mediated,taxi/SES0043,0043CL06,speaker_change,2.0704
mediated,taxi/SES0043,0043DP07,speaker_change,1.3242
mediated,taxi/SES0043,0043CL08,speaker_change,1.2495
mediated,taxi/SES0043,0043DP10,speaker_change,2.7214
mediated,taxi/SES0044,0044CL02,speaker_change,1.0461
mediated,taxi/SES0044,0044DP03,speaker_change,1.1138
mediated,taxi/SES0044,0044CL04,speaker_change,1.3719
mediated,taxi/SES0044,0044DP05,speaker_change,2.905
mediated,taxi/SES0044,0044CL06,speaker_change,2.0359
mediated,taxi/SES0044,0044DP07,speaker_change,1.0275
mediated,taxi/SES0044,0044CL08,speaker_change,2.8094
mediated,taxi/SES0044,0044CL10,same_speaker,0.6091
mediated,taxi/SES0044,0044DP11,speaker_change,2.5461
mediated,taxi/SES0045,0045CL03,speaker_change,2.7427
mediated,taxi/SES0045,0045DP04,speaker_change,2.1814
mediated,taxi/SES0045,0045CL05,speaker_change,2.8183
mediated,taxi/SES0045,0045DP06,speaker_change,2.2307
mediated,taxi/SES0045,0045CL07,speaker_change,2.34
mediated,taxi/SES0045,0045DP08,speaker_change,1.2164
mediated,taxi/SES0046,0046CL04,speaker_change,2.1819
mediated,taxi/SES0046,0046DP05,speaker_change,1.8738
mediated,taxi/SES0046,0046CL06,speaker_change,1.6793
mediated,taxi/SES0046,0046DP07,speaker_change,1.6019
mediated,taxi/SES0046,0046CL08,speaker_change,1.3236
mediated,taxi/SES0047,0047CL03,speaker_change,2.8944
mediated,taxi/SES0047,0047DP04,speaker_change,2.4889
mediated,taxi/SES0047,0047CL05,speaker_change,2.6422
mediated,taxi/SES0047,0047DP06,speaker_change,1.9018
mediated,taxi/SES0047,0047CL07,speaker_change,1.049
mediated,taxi/SES0047,0047DP08,speaker_change,2.1609
mediated,taxi/SES0048,0048CL03,speaker_change,2.243
mediated,taxi/SES0048,0048DP04,speaker_change,2.9392
mediated,taxi/SES0048,0048CL05,speaker_change,2.6297
mediated,taxi/SES0050,0050CL02,speaker_change,1.1767
mediated,taxi/SES0050,0050DP03,speaker_change,1.2372
mediated,taxi/SES0050,0050CL04,speaker_change,1.957
mediated,taxi/SES0050,0050DP05,speaker_change,2.7167
mediated,taxi/SES0050,0050CL06,speaker_change,2.941
mediated,taxi/SES0050,0050DP07,speaker_change,2.8453
mediated,taxi/SES0050,0050CL08,speaker_change,2.251
mediated,taxi/SES0051,0051CL03,speaker_change,1.5467
mediated,taxi/SES0051,0051DP04,speaker_change,2.5937
mediated,taxi/SES0051,0051CL05,speaker_change,2.6678
mediated,taxi/SES0051,0051DP06,speaker_change,2.9219
mediated,taxi/SES0052,0052CL03,speaker_change,1.0094
mediated,taxi/SES0052,0052DP04,speaker_change,2.4256
mediated,taxi/SES0052,0052CL05,speaker_change,1.0945
mediated,taxi/SES0052,0052DP07,speaker_change,1.1393
mediated,taxi/SES0054,0054CL02,speaker_change,1.8542
mediated,taxi/SES0054,0054DP03,speaker_change,1.3082
mediated,taxi/SES0054,0054CL04,speaker_change,1.704
mediated,taxi/SES0054,0054DP05,speaker_change,1.8023
mediated,taxi/SES0055,0055CL02,speaker_change,1.3961
mediated,taxi/SES0055,0055DP03,speaker_change,2.9334
mediated,taxi/SES0055,0055CL04,speaker_change,2.7006
mediated,taxi/SES0055,0055DP05,speaker_change,1.7798
mediated,taxi/SES0056,0056CL02,speaker_change,1.5923
mediated,taxi/SES0056,0056CL03,same_speaker,0.722
mediated,taxi/SES0057,0057CL03,speaker_change,2.0426
mediated,taxi/SES0057,0057DP04,speaker_change,1.3205
mediated,taxi/SES0057,0057CL05,speaker_change,2.2
mediated,taxi/SES0057,0057DP06,speaker_change,2.623
mediated,taxi/SES0057,0057CL07,speaker_change,2.2694
mediated,taxi/SES0058,0058CL02,speaker_change,1.2929
mediated,taxi/SES0058,0058DP03,speaker_change,1.5462
mediated,taxi/SES0058,0058CL04,speaker_change,1.473
mediated,taxi/SES0058,0058DP05,speaker_change,2.9654
mediated,taxi/SES0058,0058CL06,speaker_change,1.3226
mediated,taxi/SES0058,0058DP07,speaker_change,2.7665
mediated,taxi/SES0058,0058CL08,speaker_change,1.6322
mediated,taxi/SES0059,0059CL02,speaker_change,1.746
mediated,taxi/SES0059,0059DP03,speaker_change,2.3992
mediated,taxi/SES0059,0059DP04,same_speaker,0.751
mediated,taxi/SES0059,0059DP05,same_speaker,0.5107
mediated,taxi/SES0059,0059CL06,speaker_change,1.0605
mediated,taxi/SES0059,0059DP07,speaker_change,1.3928
mediated,taxi/SES0059,0059CL08,speaker_change,1.5002
mediated,taxi/SES0059,0059DP09,speaker_change,2.2939
mediated,taxi/SES0060,0060CL02,speaker_change,1.5708
mediated,taxi/SES0060,0060DP03,speaker_change,1.4976
mediated,taxi/SES0060,0060CL04,speaker_change,1.071
mediated,taxi/SES0060,0060DP05,speaker_change,2.978
mediated,taxi/SES0060,0060CL06,speaker_change,2.1574
mediated,taxi/SES0060,0060DP07,speaker_change,1.5174
mediated,taxi/SES0060,0060CL08,speaker_change,2.9755
mediated,taxi/SES0060,0060DP09,speaker_change,1.3738
mediated,taxi/SES0060,0060CL10,speaker_change,2.8767
mediated,taxi/SES0060,0060DP11,speaker_change,2.7205
mediated,taxi/SES0061,0061CL02,speaker_change,1.0159
mediated,taxi/SES0062,0062CL02,speaker_change,1.4961
mediated,taxi/SES0062,0062CL03,same_speaker,0.4784
mediated,taxi/SES0063,0063CL02,speaker_change,1.9849
mediated,taxi/SES0063,0063DP03,speaker_change,2.336
mediated,taxi/SES0063,0063CL04,speaker_change,2.9301
mediated,taxi/SES0063,0063DP05,speaker_change,1.8767
mediated,taxi/SES0063,0063CL06,speaker_change,1.6238
mediated,taxi/SES0063,0063DP07,speaker_change,1.7417
mediated,taxi/SES0063,0063CL08,speaker_change,1.0222
mediated,taxi/SES0063,0063DP09,speaker_change,1.6096
mediated,taxi/SES0064,0064CL02,speaker_change,1.6149
mediated,taxi/SES0064,0064DP03,speaker_change,2.6465
mediated,taxi/SES0064,0064CL04,speaker_change,2.8346
mediated,taxi/SES0065,0065CL02,speaker_change,1.0688
mediated,taxi/SES0065,0065DP03,speaker_change,1.4523
mediated,taxi/SES0065,0065CL04,speaker_change,1.5112
mediated,taxi/SES0065,0065DP05,speaker_change,1.6488
mediated,taxi/SES0065,0065CL06,speaker_change,1.2187
mediated,taxi/SES0065,0065DP07,speaker_change,2.4405
mediated,taxi/SES0065,0065CL08,speaker_change,1.2721
mediated,taxi/SES0065,0065DP09,speaker_change,1.7113
mediated,taxi/SES0066,0066CL02,speaker_change,2.8167
mediated,taxi/SES0066,0066DP03,speaker_change,1.3852
mediated,taxi/SES0066,0066CL04,speaker_change,1.4987
mediated,taxi/SES0066,0066CL06,same_speaker,0.7109
mediated,taxi/SES0066,0066DP07,speaker_change,1.8164
mediated,taxi/SES0066,0066CL08,speaker_change,1.069
mediated,taxi/SES0066,0066DP09,speaker_change,1.0241
mediated,taxi/SES0066,0066CL10,speaker_change,1.3663
mediated,taxi/SES0066,0066DP11,speaker_change,2.7294
mediated,taxi/SES0066,0066DP13,same_speaker,0.3131
mediated,taxi/SES0066,0066CL14,speaker_change,1.9356
mediated,taxi/SES0066,0066DP15,speaker_change,1.1837
mediated,taxi/SES0066,0066CL16,speaker_change,2.2666
mediated,taxi/SES0066,0066DP17,speaker_change,1.254
mediated,taxi/SES0066,0066CL18,speaker_change,2.1796
mediated,taxi/SES0066,0066DP19,speaker_change,1.4392
mediated,taxi/SES0067,0067CL02,speaker_change,1.1954
mediated,taxi/SES0067,0067DP03,speaker_change,1.541
mediated,taxi/SES0067,0067CL04,speaker_change,1.6575
mediated,taxi/SES0067,0067DP05,speaker_change,1.6848
mediated,taxi/SES0067,0067CL06,speaker_change,2.8768
mediated,taxi/SES0067,0067DP07,speaker_change,1.3171
mediated,taxi/SES0067,0067CL08,speaker_change,1.0342
mediated,taxi/SES0067,0067DP09,speaker_change,2.545
mediated,taxi/SES0067,0067CL10,speaker_change,1.4561
mediated,taxi/SES0067,0067DP11,speaker_change,1.5491
mediated,taxi/SES0068,0068CL02,speaker_change,2.9666
mediated,taxi/SES0068,0068CL04,same_speaker,0.6714
mediated,taxi/SES0068,0068DP05,speaker_change,2.5835
mediated,taxi/SES0068,0068CL06,speaker_change,2.422
mediated,taxi/SES0068,0068DP07,speaker_change,2.1027
mediated,taxi/SES0068,0068CL08,speaker_change,1.0598
mediated,taxi/SES0068,0068DP09,speaker_change,2.4554
mediated,taxi/SES0069,0069CL02,speaker_change,2.9823
mediated,taxi/SES0069,0069DP03,speaker_change,1.8842
mediated,taxi/SES0069,0069CL04,speaker_change,1.5593
mediated,taxi/SES0069,0069DP05,speaker_change,1.2127
mediated,taxi/SES0069,0069CL06,speaker_change,2.9844
mediated,taxi/SES0069,0069DP07,speaker_change,1.7201
mediated,taxi/SES0070,0070CL02,speaker_change,2.6287
mediated,taxi/SES0070,0070DP03,speaker_change,2.4194
mediated,taxi/SES0070,0070CL04,speaker_change,2.5901
mediated,taxi/SES0070,0070DP05,speaker_change,1.9592
mediated,taxi/SES0070,0070CL06,speaker_change,2.0393
mediated,taxi/SES0070,0070DP07,speaker_change,2.9124
mediated,taxi/SES0071,0071CL02,speaker_change,1.6047
mediated,taxi/SES0071,0071DP06,speaker_change,2.506
mediated,taxi/SES0071,0071CL07,speaker_change,1.1567
mediated,taxi/SES0071,0071DP08,speaker_change,2.92
mediated,taxi/SES0071,0071CL09,speaker_change,2.7008
mediated,taxi/SES0071,0071DP10,speaker_change,2.3828
mediated,taxi/SES0071,0071CL11,speaker_change,1.0937
mediated,taxi/SES0071,0071DP12,speaker_change,1.2158
mediated,taxi/SES0072,0072CL02,speaker_change,1.3028
mediated,taxi/SES0072,0072DP03,speaker_change,2.8762
mediated,taxi/SES0072,0072CL04,speaker_change,2.8997
mediated,taxi/SES0072,0072DP05,speaker_change,2.9031
mediated,taxi/SES0072,0072CL06,speaker_change,2.1037
mediated,taxi/SES0072,0072DP07,speaker_change,1.2766
mediated,taxi/SES0072,0072CL08,speaker_change,1.1373
mediated,taxi/SES0072,0072DP09,speaker_change,1.212
mediated,taxi/SES0073,0073CL02,speaker_change,1.5477
mediated,taxi/SES0073,0073DP03,speaker_change,1.9995
mediated,taxi/SES0073,0073CL04,speaker_change,2.0182
mediated,taxi/SES0073,0073DP05,speaker_change,2.0214
mediated,taxi/SES0073,0073CL07,speaker_change,1.7677
mediated,taxi/SES0073,0073DP08,speaker_change,1.4826
mediated,taxi/SES0074,0074CL02,speaker_change,2.6755
mediated,taxi/SES0074,0074DP03,speaker_change,2.4804
mediated,taxi/SES0074,0074CL05,speaker_change,1.0814
mediated,taxi/SES0074,0074DP06,speaker_change,2.9422
mediated,taxi/SES0074,0074CL08,speaker_change,2.0368
mediated,taxi/SES0074,0074DP09,speaker_change,1.5161
mediated,taxi/SES0076,0076CL02,speaker_change,2.5038
mediated,taxi/SES0076,0076DP03,speaker_change,2.0795
mediated,taxi/SES0076,0076CL05,speaker_change,2.9521
mediated,taxi/SES0076,0076DP06,speaker_change,2.1599
mediated,taxi/SES0076,0076CL08,speaker_change,1.6339
mediated,taxi/SES0077,0077CL02,speaker_change,1.2075
mediated,taxi/SES0077,0077DP03,speaker_change,2.471
mediated,taxi/SES0078,0078CL02,speaker_change,1.1948
mediated,taxi/SES0078,0078DP03,speaker_change,1.0776
mediated,taxi/SES0079,0079CL02,speaker_change,1.5232
mediated,taxi/SES0079,0079DP03,speaker_change,2.5647
mediated,taxi/SES0080,0080CL02,speaker_change,2.204
mediated,taxi/SES0080,0080DP03,speaker_change,1.1449
mediated,taxi/SES0081,0081CL02,speaker_change,2.4997
mediated,taxi/SES0081,0081DP03,speaker_change,1.4478
mediated,taxi/SES0081,0081CL04,speaker_change,2.3559
mediated,taxi/SES0082,0082CL02,speaker_change,2.0549
mediated,taxi/SES0082,0082DP03,speaker_change,1.914
mediated,taxi/SES0082,0082CL05,speaker_change,2.5016
mediated,taxi/SES0082,0082DP06,speaker_change,1.6163
mediated,taxi/SES0082,0082CL07,speaker_change,2.3216
mediated,taxi/SES0082,0082DP08,speaker_change,2.8811
mediated,taxi/SES0082,0082CL09,speaker_change,2.1023
mediated,taxi/SES0082,0082DP10,speaker_change,1.3501
mediated,taxi/SES0082,0082CL11,speaker_change,1.414
mediated,taxi/SES0084,0084CL02,speaker_change,2.4881
mediated,taxi/SES0084,0084DP03,speaker_change,1.9171
mediated,taxi/SES0084,0084CL04,speaker_change,1.2836
mediated,taxi/SES0084,0084DP05,speaker_change,2.0892
mediated,taxi/SES0084,0084CL06,speaker_change,2.5338
mediated,taxi/SES0084,0084DP07,speaker_change,2.3591
mediated,taxi/SES0086,0086CL02,speaker_change,2.1122
mediated,taxi/SES0086,0086DP03,speaker_change,1.8126
mediated,taxi/SES0086,0086CL04,speaker_change,1.772
mediated,taxi/SES0086,0086DP06,speaker_change,2.4063
mediated,taxi/SES0086,0086CL07,speaker_change,2.3895
mediated,taxi/SES0086,0086DP08,speaker_change,2.4916
mediated,taxi/SES0086,0086CL09,speaker_change,1.0927
mediated,taxi/SES0086,0086DP10,speaker_change,2.0705
mediated,taxi/SES0087,0087CL02,speaker_change,2.7301
mediated,taxi/SES0087,0087DP03,speaker_change,1.5367
mediated,taxi/SES0087,0087CL04,speaker_change,1.1824
mediated,taxi/SES0087,0087DP08,speaker_change,2.0392
mediated,taxi/SES0087,0087CL09,speaker_change,1.1075
mediated,taxi/SES0087,0087DP11,speaker_change,1.5949
mediated,taxi/SES0088,0088CL02,speaker_change,1.2946
mediated,taxi/SES0088,0088DP04,speaker_change,2.0012
mediated,taxi/SES0088,0088CL05,speaker_change,1.7487
mediated,taxi/SES0088,0088DP07,speaker_change,1.5432
mediated,taxi/SES0088,0088CL08,speaker_change,1.3562
mediated,taxi/SES0088,0088DP09,speaker_change,2.1029
mediated,taxi/SES0088,0088CL10,speaker_change,2.2584
mediated,taxi/SES0088,0088DP11,speaker_change,2.3252
mediated,taxi/SES0088,0088CL12,speaker_change,2.5528
mediated,taxi/SES0088,0088DP13,speaker_change,1.5596
mediated,taxi/SES0089,0089CL02,speaker_change,1.9367
mediated,taxi/SES0089,0089DP03,speaker_change,1.6914
mediated,taxi/SES0089,0089CL04,speaker_change,2.9952
mediated,taxi/SES0089,0089DP06,speaker_change,2.3707
mediated,taxi/SES0089,0089CL07,speaker_change,2.8524
mediated,taxi/SES0089,0089DP08,speaker_change,2.9409
mediated,taxi/SES0090,0090CL02,speaker_change,2.4986
mediated,taxi/SES0090,0090DP03,speaker_change,1.7648
mediated,taxi/SES0090,0090CL04,speaker_change,2.6118
mediated,taxi/SES0090,0090DP05,speaker_change,1.1135
mediated,taxi/SES0090,0090CL06,speaker_change,2.5524
mediated,taxi/SES0091,0091CL02,speaker_change,1.5771
mediated,taxi/SES0091,0091DP03,speaker_change,2.4038
mediated,taxi/SES0091,0091CL04,speaker_change,2.9034
mediated,taxi/SES0091,0091DP05,speaker_change,1.3749
mediated,taxi/SES0091,0091CL06,speaker_change,2.1127
mediated,taxi/SES0091,0091DP07,speaker_change,2.8671
mediated,taxi/SES0091,0091CL08,speaker_change,2.6071
mediated,taxi/SES0093,0093CL02,speaker_change,2.9137
mediated,taxi/SES0096,0096CL02,speaker_change,1.8271
mediated,taxi/SES0096,0096CL04,same_speaker,0.5174
mediated,taxi/SES0096,0096CL05,same_speaker,0.344
mediated,taxi/SES0097,0097CL02,speaker_change,1.5284
mediated,taxi/SES0097,0097DP04,speaker_change,2.3678
mediated,taxi/SES0098,0098CL02,speaker_change,1.9332
mediated,taxi/SES0098,0098DP03,speaker_change,1.0137
mediated,taxi/SES0098,0098CL04,speaker_change,2.4251
mediated,taxi/SES0098,0098DP05,speaker_change,2.1847
mediated,taxi/SES0098,0098CL06,speaker_change,1.573
mediated,taxi/SES0098,0098DP07,speaker_change,2.4334
mediated,taxi/SES0098,0098CL08,speaker_change,2.5409
mediated,taxi/SES0098,0098DP09,speaker_change,2.588
mediated,taxi/SES0098,0098CL10,speaker_change,1.1628
mediated,taxi/SES0098,0098DP11,speaker_change,2.3858
mediated,taxi/SES0100,0100CL02,speaker_change,2.4369
mediated,taxi/SES0100,0100DP03,speaker_change,1.666
mediated,taxi/SES0100,0100CL04,speaker_change,2.6992
mediated,taxi/SES0100,0100DP05,speaker_change,1.4673
mediated,taxi/SES0100,0100CL06,speaker_change,1.7656
mediated,taxi/SES0100,0100DP07,speaker_change,2.293
mediated,taxi/SES0101,0101CL02,speaker_change,2.3353
mediated,taxi/SES0101,0101DP03,speaker_change,1.9207
mediated,taxi/SES0101,0101CL04,speaker_change,2.2674
mediated,taxi/SES0101,0101DP05,speaker_change,1.7964
mediated,taxi/SES0101,0101CL06,speaker_change,1.2361
mediated,taxi/SES0101,0101DP07,speaker_change,2.2697
mediated,taxi/SES0102,0102CL02,speaker_change,1.0307
mediated,taxi/SES0102,0102DP03,speaker_change,1.7476
mediated,taxi/SES0102,0102CL04,speaker_change,1.8852
mediated,taxi/SES0102,0102DP05,speaker_change,2.2388
mediated,taxi/SES0102,0102CL06,speaker_change,1.6557
mediated,taxi/SES0102,0102DP07,speaker_change,2.3902
mediated,taxi/SES0102,0102CL08,speaker_change,2.8872
mediated,taxi/SES0102,0102DP09,speaker_change,1.1935
mediated,taxi/SES0102,0102CL10,speaker_change,2.2362
mediated,taxi/SES0103,0103CL02,speaker_change,1.9315
mediated,taxi/SES0103,0103DP03,speaker_change,1.7293
mediated,taxi/SES0103,0103CL04,speaker_change,1.6726
mediated,taxi/SES0103,0103DP05,speaker_change,2.0681
mediated,taxi/SES0103,0103CL06,speaker_change,2.723
mediated,taxi/SES0103,0103DP07,speaker_change,1.5338
mediated,taxi/SES0104,0104CL02,speaker_change,2.1119
mediated,taxi/SES0104,0104DP03,speaker_change,2.8235
mediated,taxi/SES0104,0104CL04,speaker_change,2.8579
mediated,taxi/SES0104,0104DP05,speaker_change,2.5415
mediated,taxi/SES0104,0104CL06,speaker_change,2.6441
mediated,taxi/SES0104,0104DP07,speaker_change,2.8668
mediated,taxi/SES0105,0105CL02,speaker_change,2.8704
mediated,taxi/SES0105,0105DP04,speaker_change,1.416
mediated,taxi/SES0105,0105CL05,speaker_change,2.8039
mediated,taxi/SES0105,0105DP06,speaker_change,1.5013
mediated,taxi/SES0105,0105CL07,speaker_change,2.4147
mediated,taxi/SES0105,0105DP08,speaker_change,2.6715
mediated,taxi/SES0106,0106CL02,speaker_change,2.2215
mediated,taxi/SES0106,0106DP03,speaker_change,2.6802
mediated,taxi/SES0106,0106CL04,speaker_change,2.3022
mediated,taxi/SES0106,0106DP05,speaker_change,2.3999
mediated,taxi/SES0106,0106CL06,speaker_change,2.3344
mediated,taxi/SES0106,0106DP07,speaker_change,2.5805
mediated,taxi/SES0106,0106CL08,speaker_change,2.7397
mediated,taxi/SES0106,0106DP09,speaker_change,2.5992
mediated,taxi/SES0107,0107CL02,speaker_change,2.6429
mediated,taxi/SES0107,0107DP03,speaker_change,2.5207
mediated,taxi/SES0107,0107CL04,speaker_change,1.053
mediated,taxi/SES0107,0107DP05,speaker_change,1.8343
mediated,taxi/SES0107,0107CL06,speaker_change,1.3595
mediated,taxi/SES0107,0107DP07,speaker_change,1.1767
mediated,taxi/SES0107,0107CL08,speaker_change,2.0516
mediated,taxi/SES0107,0107DP09,speaker_change,2.2305
mediated,taxi/SES0108,0108CL02,speaker_change,2.4308
mediated,taxi/SES0108,0108DP03,speaker_change,1.1232
mediated,taxi/SES0108,0108CL04,speaker_change,2.9082
mediated,taxi/SES0108,0108DP05,speaker_change,2.3362
mediated,taxi/SES0108,0108CL06,speaker_change,1.513
mediated,taxi/SES0108,0108DP07,speaker_change,1.861
mediated,taxi/SES0108,0108CL08,speaker_change,1.5998
mediated,taxi/SES0108,0108DP09,speaker_change,1.5139
mediated,taxi/SES0109,0109CL02,speaker_change,2.5926
mediated,taxi/SES0109,0109DP03,speaker_change,1.7995
mediated,taxi/SES0109,0109CL04,speaker_change,1.294
mediated,taxi/SES0109,0109DP05,speaker_change,1.1459
mediated,taxi/SES0109,0109CL06,speaker_change,2.6981
mediated,taxi/SES0109,0109DP07,speaker_change,2.2771
mediated,taxi/SES0109,0109CL08,speaker_change,1.2057
mediated,taxi/SES0109,0109DP09,speaker_change,2.7524
mediated,taxi/SES0109,0109CL10,speaker_change,2.4893
mediated,taxi/SES0109,0109DP11,speaker_change,2.4452
mediated,taxi/SES0110,0110CL02,speaker_change,2.4492
mediated,taxi/SES0110,0110DP03,speaker_change,2.1186
mediated,taxi/SES0110,0110CL04,speaker_change,1.5196
mediated,taxi/SES0110,0110DP05,speaker_change,1.0944
mediated,taxi/SES0110,0110CL06,speaker_change,1.1097
mediated,taxi/SES0110,0110DP07,speaker_change,1.116
mediated,taxi/SES0111,0111CL02,speaker_change,1.357
mediated,taxi/SES0111,0111DP03,speaker_change,1.4508
mediated,taxi/SES0111,0111CL04,speaker_change,1.1923
mediated,taxi/SES0111,0111DP05,speaker_change,2.2194
mediated,taxi/SES0111,0111CL06,speaker_change,2.8251
mediated,taxi/SES0111,0111DP07,speaker_change,2.8529
mediated,taxi/SES0111,0111CL08,speaker_change,1.059
mediated,taxi/SES0111,0111DP09,speaker_change,1.2733
mediated,taxi/SES0111,0111CL10,speaker_change,1.1118
mediated,taxi/SES0111,0111DP11,speaker_change,1.371
mediated,taxi/SES0112,0112CL02,speaker_change,1.4392
mediated,taxi/SES0112,0112DP03,speaker_change,1.5119
mediated,taxi/SES0112,0112CL04,speaker_change,2.6578
mediated,taxi/SES0112,0112DP05,speaker_change,1.8315
mediated,taxi/SES0112,0112CL06,speaker_change,1.3161
mediated,taxi/SES0112,0112DP07,speaker_change,2.0646
mediated,taxi/SES0112,0112CL08,speaker_change,1.621
mediated,taxi/SES0112,0112DP09,speaker_change,2.3284
mediated,taxi/SES0112,0112CL10,speaker_change,1.1192
mediated,taxi/SES0112,0112DP11,speaker_change,2.2833
mediated,taxi/SES0113,0113CL02,speaker_change,2.3247
mediated,taxi/SES0113,0113DP03,speaker_change,2.6027
mediated,taxi/SES0113,0113CL04,speaker_change,1.9728
mediated,taxi/SES0113,0113DP05,speaker_change,1.8859
mediated,taxi/SES0113,0113CL06,speaker_change,1.462
mediated,taxi/SES0113,0113DP07,speaker_change,2.0139
mediated,taxi/SES0113,0113CL08,speaker_change,1.7562
mediated,taxi/SES0113,0113DP09,speaker_change,2.1471
mediated,taxi/SES0114,0114CL02,speaker_change,1.4079
mediated,taxi/SES0114,0114DP03,speaker_change,2.2071
mediated,taxi/SES0114,0114CL04,speaker_change,1.8715
mediated,taxi/SES0114,0114DP05,speaker_change,2.8609
mediated,taxi/SES0114,0114CL06,speaker_change,1.637
mediated,taxi/SES0114,0114DP07,speaker_change,1.4626
mediated,taxi/SES0114,0114CL08,speaker_change,2.3134
mediated,taxi/SES0114,0114DP09,speaker_change,2.7638
mediated,taxi/SES0115,0115CL02,speaker_change,2.0315
mediated,taxi/SES0115,0115DP03,speaker_change,2.7963
mediated,taxi/SES0115,0115CL04,speaker_change,2.2734
mediated,taxi/SES0115,0115DP05,speaker_change,2.4672
mediated,taxi/SES0115,0115CL06,speaker_change,1.7722
mediated,taxi/SES0115,0115DP07,speaker_change,2.2635
mediated,taxi/SES0115,0115CL08,speaker_change,2.2391
mediated,taxi/SES0115,0115DP09,speaker_change,2.4518
mediated,taxi/SES0115,0115CL10,speaker_change,2.9725
mediated,taxi/SES0115,0115DP11,speaker_change,2.7965
mediated,taxi/SES0115,0115CL12,speaker_change,1.05
mediated,taxi/SES0115,0115DP13,speaker_change,2.3985
mediated,taxi/SES0115,0115CL14,speaker_change,1.7321
mediated,taxi/SES0116,0116CL02,speaker_change,1.3022
mediated,taxi/SES0116,0116DP03,speaker_change,2.9666
mediated,taxi/SES0116,0116CL04,speaker_change,2.0528
mediated,taxi/SES0116,0116DP05,speaker_change,2.5027
mediated,taxi/SES0116,0116CL06,speaker_change,2.8909
mediated,taxi/SES0116,0116DP07,speaker_change,1.8225
mediated,taxi/SES0116,0116CL08,speaker_change,2.8126
mediated,taxi/SES0116,0116DP09,speaker_change,1.1021
mediated,taxi/SES0117,0117CL02,speaker_change,1.1999
mediated,taxi/SES0117,0117DP03,speaker_change,1.263
mediated,taxi/SES0117,0117CL04,speaker_change,1.9075
mediated,taxi/SES0117,0117DP05,speaker_change,1.7326
mediated,taxi/SES0117,0117CL06,speaker_change,1.6044
mediated,taxi/SES0117,0117DP07,speaker_change,2.5032
mediated,taxi/SES0117,0117CL08,speaker_change,2.5587
mediated,taxi/SES0117,0117DP09,speaker_change,1.0151
mediated,taxi/SES0117,0117CL10,speaker_change,1.5636
mediated,taxi/SES0117,0117DP11,speaker_change,2.6795
mediated,taxi/SES0117,0117CL12,speaker_change,2.1543
mediated,taxi/SES0117,0117DP13,speaker_change,2.5035
mediated,taxi/SES0118,0118CL02,speaker_change,2.4739
mediated,taxi/SES0118,0118DP03,speaker_change,2.549
mediated,taxi/SES0118,0118CL04,speaker_change,1.7581
mediated,taxi/SES0118,0118DP05,speaker_change,2.6224
mediated,taxi/SES0118,0118CL06,speaker_change,2.5351
mediated,taxi/SES0119,0119CL02,speaker_change,1.2105
mediated,taxi/SES0119,0119DP03,speaker_change,1.2814
mediated,taxi/SES0119,0119CL04,speaker_change,1.1872
mediated,taxi/SES0119,0119DP05,speaker_change,2.411
mediated,taxi/SES0119,0119CL06,speaker_change,1.2938
mediated,taxi/SES0119,0119DP07,speaker_change,1.2015
mediated,taxi/SES0119,0119DP09,same_speaker,0.5236
mediated,taxi/SES0120,0120CL02,speaker_change,1.3314
mediated,taxi/SES0120,0120DP03,speaker_change,2.7676
mediated,taxi/SES0120,0120CL04,speaker_change,2.681
mediated,taxi/SES0120,0120DP05,speaker_change,2.8039
mediated,taxi/SES0120,0120CL06,speaker_change,1.1299
mediated,taxi/SES0120,0120DP07,speaker_change,2.7527
mediated,taxi/SES0120,0120CL08,speaker_change,1.2463
mediated,taxi/SES0120,0120DP09,speaker_change,2.1634
mediated,taxi/SES0120,0120CL10,speaker_change,2.5317
mediated,taxi/SES0120,0120DP11,speaker_change,2.0666
mediated,taxi/SES0120,0120CL12,speaker_change,1.4057
mediated,taxi/SES0120,0120DP13,speaker_change,1.5546
mediated,taxi/SES0120,0120CL14,speaker_change,2.6026
mediated,taxi/SES0121,0121CL02,speaker_change,1.5745
mediated,taxi/SES0121,0121DP03,speaker_change,1.5493
mediated,taxi/SES0121,0121CL04,speaker_change,1.0359
mediated,taxi/SES0121,0121DP05,speaker_change,2.5182
mediated,taxi/SES0121,0121CL06,speaker_change,1.0203
mediated,taxi/SES0121,0121DP07,speaker_change,2.3893
mediated,taxi/SES0122,0122CL02,speaker_change,2.2693
mediated,taxi/SES0122,0122DP03,speaker_change,2.3956
mediated,taxi/SES0122,0122CL04,speaker_change,1.7624
mediated,taxi/SES0122,0122DP05,speaker_change,1.6154
mediated,taxi/SES0122,0122CL06,speaker_change,2.9934
mediated,taxi/SES0122,0122DP07,speaker_change,2.5932
mediated,taxi/SES0122,0122CL08,speaker_change,2.0945
mediated,taxi/SES0123,0123DP03,speaker_change,1.5756
mediated,taxi/SES0123,0123CL04,speaker_change,2.893
mediated,taxi/SES0123,0123CL06,same_speaker,0.3629
mediated,taxi/SES0123,0123DP07,speaker_change,2.6038
mediated,taxi/SES0123,0123CL08,speaker_change,2.4526
mediated,taxi/SES0123,0123DP09,speaker_change,2.3376
mediated,taxi/SES0124,0124CL02,speaker_change,1.451
mediated,taxi/SES0124,0124DP03,speaker_change,1.8221
mediated,taxi/SES0124,0124CL04,speaker_change,1.7488
mediated,taxi/SES0124,0124DP05,speaker_change,1.1738
mediated,taxi/SES0124,0124CL06,speaker_change,1.1817
mediated,taxi/SES0124,0124DP07,speaker_change,2.4998
mediated,taxi/SES0124,0124CL08,speaker_change,1.0525
mediated,taxi/SES0124,0124DP09,speaker_change,2.6843
mediated,taxi/SES0124,0124CL10,speaker_change,1.6511
mediated,taxi/SES0124,0124DP11,speaker_change,2.1502
mediated,taxi/SES0125,0125CL02,speaker_change,1.592
mediated,taxi/SES0125,0125DP03,speaker_change,1.0021
mediated,taxi/SES0125,0125CL04,speaker_change,2.0431
mediated,taxi/SES0125,0125DP05,speaker_change,2.8177
mediated,taxi/SES0125,0125CL06,speaker_change,1.7856
mediated,taxi/SES0125,0125DP07,speaker_change,1.1794
mediated,taxi/SES0125,0125CL08,speaker_change,1.7121
mediated,taxi/SES0125,0125DP09,speaker_change,1.9364
mediated,taxi/SES0126,0126CL02,speaker_change,1.7475
mediated,taxi/SES0126,0126DP03,speaker_change,1.3505
mediated,taxi/SES0126,0126CL04,speaker_change,1.5375
mediated,taxi/SES0126,0126DP05,speaker_change,2.6198
mediated,taxi/SES0126,0126CL06,speaker_change,1.3274
mediated,taxi/SES0126,0126DP07,speaker_change,1.7753
mediated,taxi/SES0128,0128CL02,speaker_change,2.13
mediated,taxi/SES0128,0128DP03,speaker_change,2.8618
mediated,taxi/SES0128,0128CL04,speaker_change,1.5298
mediated,taxi/SES0128,0128DP05,speaker_change,2.3374
mediated,taxi/SES0128,0128CL06,speaker_change,1.9698
mediated,taxi/SES0128,0128DP07,speaker_change,2.9342
mediated,taxi/SES0129,0129CL02,speaker_change,1.3047
mediated,taxi/SES0129,0129DP03,speaker_change,2.3858
mediated,taxi/SES0129,0129CL04,speaker_change,2.8373
mediated,taxi/SES0129,0129DP05,speaker_change,1.5419
mediated,taxi/SES0129,0129CL06,speaker_change,2.8786
mediated,taxi/SES0129,0129DP07,speaker_change,1.5385
mediated,taxi/SES0129,0129CL08,speaker_change,2.426
mediated,taxi/SES0129,0129DP09,speaker_change,1.6807
mediated,taxi/SES0129,0129CL10,speaker_change,2.1746
mediated,taxi/SES0129,0129DP11,speaker_change,2.6725
mediated,taxi/SES0129,0129CL12,speaker_change,2.1578
mediated,taxi/SES0129,0129DP13,speaker_change,1.3014
mediated,taxi/SES0130,0130CL02,speaker_change,1.5528
mediated,taxi/SES0130,0130DP03,speaker_change,2.7177
mediated,taxi/SES0130,0130CL04,speaker_change,1.6981
mediated,taxi/SES0130,0130DP05,speaker_change,2.9855
mediated,taxi/SES0130,0130CL06,speaker_change,1.588
mediated,taxi/SES0130,0130DP07,speaker_change,1.0583
mediated,taxi/SES0130,0130CL08,speaker_change,1.9263
mediated,taxi/SES0130,0130DP09,speaker_change,2.0614
mediated,taxi/SES0130,0130CL10,speaker_change,2.4191
