session,turn_id,speaker,lang,dur_trimmed_s,dur_untrimmed_s,src_words,ref_words
taxi/SES0037,0037DP01,DP,German,2.92,6.42,8,8
taxi/SES0037,0037CL02,CL,English,4.08,5.28,14,15
taxi/SES0037,0037DP03,DP,German,1.96,3.56,7,7
taxi/SES0037,0037CL04,CL,English,2.54,3.52,7,5
taxi/SES0037,0037DP05,DP,German,2.12,3.5,7,7
taxi/SES0037,0037CL06,CL,English,1.28,2.5,4,3
taxi/SES0037,0037DP07,DP,German,1.54,2.52,4,5
taxi/SES0038,0038DP01,DP,German,1.9,4.3,4,4
taxi/SES0038,0038CL02,CL,English,4.86,6.16,17,16
taxi/SES0038,0038DP03,DP,German,1.3,3.6,4,5
taxi/SES0038,0038CL04,CL,English,3.22,4.84,11,11
taxi/SES0038,0038DP05,DP,German,1.7,4.38,7,8
taxi/SES0038,0038CL06,CL,English,1.36,2.88,4,4
taxi/SES0038,0038DP07,DP,German,1.44,3.52,5,8
taxi/SES0039,0039DP01,DP,German,2.34,4.94,8,8
taxi/SES0039,0039CL02,CL,English,3.5,5.06,11,10
taxi/SES0039,0039DP03,DP,German,2.38,3.88,7,7
taxi/SES0039,0039CL04,CL,English,3.0,3.6,8,6
taxi/SES0039,0039DP05,DP,German,3.2,4.04,13,14
taxi/SES0039,0039CL06,CL,English,3.0,4.18,8,8
taxi/SES0039,0039CL08,CL,English,2.98,3.56,5,4
taxi/SES0040,0040DP01,DP,German,2.22,4.44,8,8
taxi/SES0040,0040CL02,CL,English,9.94,10.68,29,24
taxi/SES0040,0040DP03,DP,German,4.4,5.58,14,15
taxi/SES0040,0040CL04,CL,English,2.06,3.28,8,7
taxi/SES0040,0040DP05,DP,German,2.1,3.76,5,5
taxi/SES0040,0040DP08,DP,German,1.38,2.96,6,6
taxi/SES0040,0040CL09,CL,English,2.94,5.78,11,14
taxi/SES0040,0040DP10,DP,German,0.98,1.92,3,4
taxi/SES0041,0041DP01,DP,German,2.76,3.52,8,8
taxi/SES0041,0041CL02,CL,English,8.92,9.74,28,27
taxi/SES0041,0041DP03,DP,German,7.92,9.06,30,26
taxi/SES0041,0041CL04,CL,English,7.02,8.42,18,19
taxi/SES0041,0041DP05,DP,German,4.66,5.94,22,23
taxi/SES0041,0041CL06,CL,English,1.54,2.52,6,4
taxi/SES0041,0041DP07,DP,German,1.12,1.84,4,6
taxi/SES0042,0042DP01,DP,German,2.04,4.72,4,4
taxi/SES0042,0042CL02,CL,English,14.18,15.64,33,30
taxi/SES0042,0042DP03,DP,German,9.78,11.2,31,31
taxi/SES0042,0042CL04,CL,English,9.54,11.22,25,23
taxi/SES0042,0042DP05,DP,German,10.94,12.7,34,44
taxi/SES0043,0043DP01,DP,German,2.12,4.84,5,5
taxi/SES0043,0043CL02,CL,English,13.04,14.9,36,31
taxi/SES0043,0043DP03,DP,German,1.9,4.68,7,7
taxi/SES0043,0043CL04,CL,English,4.12,5.56,10,10
taxi/SES0043,0043DP05,DP,German,6.14,8.64,13,14
taxi/SES0043,0043CL06,CL,English,4.12,5.6,15,15
taxi/SES0043,0043DP07,DP,German,7.58,9.66,27,28
taxi/SES0043,0043CL08,CL,English,2.28,3.4,8,7
taxi/SES0043,0043DP10,DP,German,3.74,4.04,4,6
taxi/SES0044,0044DP01,DP,German,2.22,2.94,4,4
taxi/SES0044,0044CL02,CL,English,4.7,7.18,13,12
taxi/SES0044,0044DP03,DP,German,5.32,8.02,15,16
taxi/SES0044,0044CL04,CL,English,4.7,5.88,18,19
taxi/SES0044,0044DP05,DP,German,2.92,4.72,13,16
taxi/SES0044,0044CL06,CL,English,2.9,4.0,13,12
taxi/SES0044,0044DP07,DP,German,2.38,3.76,10,12
taxi/SES0044,0044CL08,CL,English,2.36,3.9,10,6
taxi/SES0044,0044CL10,CL,English,4.08,4.18,8,7
taxi/SES0044,0044DP11,DP,German,0.94,1.82,2,3
taxi/SES0045,0045DP02,DP,German,3.88,5.6,15,15
taxi/SES0045,0045CL03,CL,English,1.72,3.32,8,7
taxi/SES0045,0045DP04,DP,German,1.8,3.22,6,7
taxi/SES0045,0045CL05,CL,English,2.8,2.98,12,11
taxi/SES0045,0045DP06,DP,German,2.3,4.08,11,10
taxi/SES0045,0045CL07,CL,English,3.12,3.26,8,8
taxi/SES0045,0045DP08,DP,German,1.44,2.04,5,6
taxi/SES0046,0046DP03,DP,German,3.8,6.08,14,14
taxi/SES0046,0046CL04,CL,English,4.2,4.84,8,7
taxi/SES0046,0046DP05,DP,German,5.9,7.6,25,30
taxi/SES0046,0046CL06,CL,English,2.9,3.24,3,4
taxi/SES0046,0046DP07,DP,German,3.18,4.28,13,11
taxi/SES0046,0046CL08,CL,English,1.1,1.38,3,2
taxi/SES0047,0047DP02,DP,German,5.4,7.54,16,15
taxi/SES0047,0047CL03,CL,English,7.14,8.18,29,20
taxi/SES0047,0047DP04,DP,German,6.06,7.4,17,18
taxi/SES0047,0047CL05,CL,English,9.78,11.68,29,25
taxi/SES0047,0047DP06,DP,German,3.0,3.74,15,15
taxi/SES0047,0047CL07,CL,English,1.12,1.56,3,2
taxi/SES0047,0047DP08,DP,German,0.76,1.3,4,3
taxi/SES0048,0048DP02,DP,German,12.52,13.98,34,34
taxi/SES0048,0048CL03,CL,English,14.08,14.42,34,38
taxi/SES0048,0048DP04,DP,German,5.2,6.68,20,16
taxi/SES0048,0048CL05,CL,English,6.98,7.44,27,26
taxi/SES0050,0050DP01,DP,German,2.88,3.64,8,8
taxi/SES0050,0050CL02,CL,English,2.3,3.08,10,10
taxi/SES0050,0050DP03,DP,German,2.82,4.34,10,10
taxi/SES0050,0050CL04,CL,English,2.9,3.7,7,7
taxi/SES0050,0050DP05,DP,German,2.16,4.18,7,9
taxi/SES0050,0050CL06,CL,English,3.16,3.98,9,8
taxi/SES0050,0050DP07,DP,German,1.98,2.96,4,5
taxi/SES0050,0050CL08,CL,English,1.82,2.88,3,4
taxi/SES0051,0051DP02,DP,German,1.84,3.4,8,9
taxi/SES0051,0051CL03,CL,English,1.38,2.46,5,4
taxi/SES0051,0051DP04,DP,German,2.26,3.96,7,6
taxi/SES0051,0051CL05,CL,English,2.04,2.58,5,5
taxi/SES0051,0051DP06,DP,German,1.4,1.88,5,6
taxi/SES0052,0052DP02,DP,German,4.58,7.26,19,22
taxi/SES0052,0052CL03,CL,English,5.32,6.14,15,11
taxi/SES0052,0052DP04,DP,German,2.78,4.44,9,8
taxi/SES0052,0052CL05,CL,English,5.96,7.56,12,11
taxi/SES0052,0052DP07,DP,German,0.4,0.62,1,1
taxi/SES0054,0054DP01,DP,German,2.48,3.1,4,4
taxi/SES0054,0054CL02,CL,English,5.38,5.92,17,16
taxi/SES0054,0054DP03,DP,German,2.52,4.6,11,13
taxi/SES0054,0054CL04,CL,English,0.92,1.72,4,4
taxi/SES0054,0054DP05,DP,German,1.76,2.46,4,6
taxi/SES0055,0055DP01,DP,German,2.36,2.68,4,4
taxi/SES0055,0055CL02,CL,English,9.92,10.48,20,20
taxi/SES0055,0055DP03,DP,German,6.14,8.08,21,25
taxi/SES0055,0055CL04,CL,English,2.6,3.64,7,4
taxi/SES0055,0055DP05,DP,German,2.96,3.66,7,10
taxi/SES0056,0056DP01,DP,German,2.96,3.78,8,8
taxi/SES0056,0056CL02,CL,English,3.62,4.44,13,10
taxi/SES0056,0056CL03,CL,English,2.02,3.18,8,4
taxi/SES0057,0057DP02,DP,German,6.36,8.68,22,20
taxi/SES0057,0057CL03,CL,English,2.9,3.62,10,11
taxi/SES0057,0057DP04,DP,German,3.78,5.4,15,12
taxi/SES0057,0057CL05,CL,English,1.7,2.74,8,7
taxi/SES0057,0057DP06,DP,German,1.66,1.94,7,7
taxi/SES0057,0057CL07,CL,English,0.5,1.22,2,2
taxi/SES0058,0058DP01,DP,German,1.68,2.36,4,4
taxi/SES0058,0058CL02,CL,English,3.58,6.02,13,11
taxi/SES0058,0058DP03,DP,German,2.9,4.48,11,11
taxi/SES0058,0058CL04,CL,English,1.62,3.16,4,4
taxi/SES0058,0058DP05,DP,German,3.92,4.64,15,16
taxi/SES0058,0058CL06,CL,English,3.04,3.06,3,2
taxi/SES0058,0058DP07,DP,German,1.74,2.14,6,7
taxi/SES0058,0058CL08,CL,English,0.74,0.74,1,1
taxi/SES0059,0059DP01,DP,German,2.32,2.62,8,9
taxi/SES0059,0059CL02,CL,English,4.58,6.28,11,10
taxi/SES0059,0059DP03,DP,German,3.32,4.7,13,13
taxi/SES0059,0059DP04,DP,German,4.32,5.78,10,10
taxi/SES0059,0059DP05,DP,German,4.8,5.18,11,14
taxi/SES0059,0059CL06,CL,English,0.9,1.96,3,2
taxi/SES0059,0059DP07,DP,German,1.06,1.22,4,4
taxi/SES0059,0059CL08,CL,English,1.84,2.46,2,3
taxi/SES0059,0059DP09,DP,German,0.84,1.7,3,4
taxi/SES0060,0060DP01,DP,German,2.7,3.28,8,8
taxi/SES0060,0060CL02,CL,English,13.26,15.12,30,23
taxi/SES0060,0060DP03,DP,German,4.7,6.74,18,22
taxi/SES0060,0060CL04,CL,English,9.14,9.88,24,18
taxi/SES0060,0060DP05,DP,German,6.16,7.42,24,22
taxi/SES0060,0060CL06,CL,English,12.6,14.28,20,14
taxi/SES0060,0060DP07,DP,German,1.24,2.7,5,6
taxi/SES0060,0060CL08,CL,English,3.24,4.6,13,10
taxi/SES0060,0060DP09,DP,German,1.48,2.08,6,4
taxi/SES0060,0060CL10,CL,English,0.82,1.24,3,2
taxi/SES0060,0060DP11,DP,German,0.86,1.72,3,3
taxi/SES0061,0061DP01,DP,German,1.78,2.74,3,3
taxi/SES0061,0061CL02,CL,English,17.98,18.7,24,25
taxi/SES0062,0062DP01,DP,German,1.96,2.6,7,9
taxi/SES0062,0062CL02,CL,English,12.72,14.02,22,21
taxi/SES0062,0062CL03,CL,English,1.6,2.94,5,5
taxi/SES0063,0063DP01,DP,German,2.28,3.08,9,10
taxi/SES0063,0063CL02,CL,English,12.12,12.38,23,23
taxi/SES0063,0063DP03,DP,German,4.14,6.64,14,14
taxi/SES0063,0063CL04,CL,English,2.6,4.44,6,6
taxi/SES0063,0063DP05,DP,German,4.8,6.24,14,13
taxi/SES0063,0063CL06,CL,English,7.14,8.3,18,15
taxi/SES0063,0063DP07,DP,German,5.66,7.24,19,23
taxi/SES0063,0063CL08,CL,English,1.2,2.28,3,3
taxi/SES0063,0063DP09,DP,German,1.6,1.84,5,6
taxi/SES0064,0064DP01,DP,German,2.68,3.4,6,6
taxi/SES0064,0064CL02,CL,English,13.78,14.68,18,17
taxi/SES0064,0064DP03,DP,German,4.24,6.44,14,14
taxi/SES0064,0064CL04,CL,English,3.16,4.92,9,9
taxi/SES0065,0065DP01,DP,German,2.38,2.96,6,6
taxi/SES0065,0065CL02,CL,English,4.36,5.1,12,11
taxi/SES0065,0065DP03,DP,German,3.66,4.98,16,19
taxi/SES0065,0065CL04,CL,English,1.32,2.34,5,5
taxi/SES0065,0065DP05,DP,German,1.84,3.02,10,12
taxi/SES0065,0065CL06,CL,English,4.44,5.3,11,13
taxi/SES0065,0065DP07,DP,German,2.68,3.5,13,14
taxi/SES0065,0065CL08,CL,English,1.08,1.84,4,3
taxi/SES0065,0065DP09,DP,German,1.34,1.78,6,6
taxi/SES0066,0066DP01,DP,German,2.3,2.76,8,9
taxi/SES0066,0066CL02,CL,English,10.2,11.24,35,34
taxi/SES0066,0066DP03,DP,German,8.36,9.16,25,22
taxi/SES0066,0066CL04,CL,English,2.42,3.18,6,6
taxi/SES0066,0066CL06,CL,English,2.08,2.5,5,6
taxi/SES0066,0066DP07,DP,German,1.38,2.28,5,5
taxi/SES0066,0066CL08,CL,English,3.8,4.96,8,7
taxi/SES0066,0066DP09,DP,German,4.16,5.66,13,16
taxi/SES0066,0066CL10,CL,English,5.22,7.0,13,14
taxi/SES0066,0066DP11,DP,German,4.4,6.28,12,12
taxi/SES0066,0066DP13,DP,German,3.9,4.78,15,12
taxi/SES0066,0066CL14,CL,English,2.54,3.54,9,9
taxi/SES0066,0066DP15,DP,German,2.18,2.5,9,9
taxi/SES0066,0066CL16,CL,English,1.36,1.92,3,3
taxi/SES0066,0066DP17,DP,German,0.9,1.36,4,4
taxi/SES0066,0066CL18,CL,English,1.34,1.8,2,3
taxi/SES0066,0066DP19,DP,German,0.86,1.12,1,2
taxi/SES0067,0067DP01,DP,German,2.76,2.88,8,8
taxi/SES0067,0067CL02,CL,English,4.84,6.14,14,12
taxi/SES0067,0067DP03,DP,German,2.4,4.18,10,11
taxi/SES0067,0067CL04,CL,English,4.42,4.58,14,15
taxi/SES0067,0067DP05,DP,German,4.34,6.0,14,16
taxi/SES0067,0067CL06,CL,English,1.94,2.78,9,9
taxi/SES0067,0067DP07,DP,German,0.88,1.44,4,4
taxi/SES0067,0067CL08,CL,English,1.52,2.44,4,4
taxi/SES0067,0067DP09,DP,German,4.42,5.0,21,18
taxi/SES0067,0067CL10,CL,English,1.1,2.38,3,2
taxi/SES0067,0067DP11,DP,German,1.8,2.28,7,8
taxi/SES0068,0068DP01,DP,German,2.04,2.5,4,4
taxi/SES0068,0068CL02,CL,English,3.8,5.26,9,8
taxi/SES0068,0068CL04,CL,English,8.54,10.38,10,11
taxi/SES0068,0068DP05,DP,German,3.1,4.78,13,14
taxi/SES0068,0068CL06,CL,English,2.58,4.12,6,6
taxi/SES0068,0068DP07,DP,German,3.04,5.48,8,7
taxi/SES0068,0068CL08,CL,English,4.52,5.06,13,11
taxi/SES0068,0068DP09,DP,German,1.36,1.84,7,8
taxi/SES0069,0069DP01,DP,German,3.04,4.6,10,10
taxi/SES0069,0069CL02,CL,English,3.68,4.36,15,16
taxi/SES0069,0069DP03,DP,German,2.42,4.1,6,6
taxi/SES0069,0069CL04,CL,English,2.58,3.5,6,6
taxi/SES0069,0069DP05,DP,German,7.16,7.8,19,18
taxi/SES0069,0069CL06,CL,English,1.56,2.56,4,5
taxi/SES0069,0069DP07,DP,German,1.42,1.92,6,6
taxi/SES0070,0070DP01,DP,German,1.88,2.56,7,7
taxi/SES0070,0070CL02,CL,English,5.32,6.14,18,16
taxi/SES0070,0070DP03,DP,German,3.44,5.54,13,12
taxi/SES0070,0070CL04,CL,English,3.34,4.68,12,11
taxi/SES0070,0070DP05,DP,German,2.46,4.46,10,10
taxi/SES0070,0070CL06,CL,English,1.62,2.46,4,6
taxi/SES0070,0070DP07,DP,German,1.22,1.48,5,6
taxi/SES0071,0071DP01,DP,German,2.4,3.0,4,5
taxi/SES0071,0071CL02,CL,English,3.02,8.8,10,9
taxi/SES0071,0071DP06,DP,German,2.12,2.96,6,7
taxi/SES0071,0071CL07,CL,English,3.22,4.44,6,7
taxi/SES0071,0071DP08,DP,German,5.34,7.1,21,24
taxi/SES0071,0071CL09,CL,English,11.22,14.0,35,32
taxi/SES0071,0071DP10,DP,German,6.3,8.2,20,22
taxi/SES0071,0071CL11,CL,English,2.58,4.16,8,6
taxi/SES0071,0071DP12,DP,German,1.6,2.14,7,9
taxi/SES0072,0072DP01,DP,German,1.84,2.32,4,4
taxi/SES0072,0072CL02,CL,English,3.5,5.36,10,9
taxi/SES0072,0072DP03,DP,German,2.78,5.64,10,9
taxi/SES0072,0072CL04,CL,English,3.7,9.0,11,11
taxi/SES0072,0072DP05,DP,German,9.62,10.94,16,17
taxi/SES0072,0072CL06,CL,English,3.72,4.78,12,9
taxi/SES0072,0072DP07,DP,German,1.96,5.16,9,8
taxi/SES0072,0072CL08,CL,English,2.44,3.66,10,9
taxi/SES0072,0072DP09,DP,German,1.66,2.22,9,7
taxi/SES0073,0073DP01,DP,German,1.8,2.84,4,5
taxi/SES0073,0073CL02,CL,English,8.66,9.92,27,25
taxi/SES0073,0073DP03,DP,German,2.9,5.2,10,12
taxi/SES0073,0073CL04,CL,English,2.4,5.3,11,9
taxi/SES0073,0073DP05,DP,German,1.52,2.58,5,6
taxi/SES0073,0073CL07,CL,English,4.64,5.5,12,11
taxi/SES0073,0073DP08,DP,German,1.8,2.64,8,5
taxi/SES0074,0074DP01,DP,German,1.82,2.42,4,4
taxi/SES0074,0074CL02,CL,English,4.64,5.56,13,13
taxi/SES0074,0074DP03,DP,German,4.3,6.62,16,16
taxi/SES0074,0074CL05,CL,English,7.88,8.42,34,28
taxi/SES0074,0074DP06,DP,German,2.68,4.42,11,12
taxi/SES0074,0074CL08,CL,English,3.26,3.88,12,10
taxi/SES0074,0074DP09,DP,German,2.22,3.3,5,7
taxi/SES0076,0076DP01,DP,German,2.38,3.4,4,6
taxi/SES0076,0076CL02,CL,English,9.94,11.06,34,33
taxi/SES0076,0076DP03,DP,German,6.06,8.62,16,17
taxi/SES0076,0076CL05,CL,English,4.14,5.18,13,11
taxi/SES0076,0076DP06,DP,German,4.38,5.34,21,19
taxi/SES0076,0076CL08,CL,English,0.7,1.38,2,1
taxi/SES0077,0077DP01,DP,German,2.32,3.28,4,7
taxi/SES0077,0077CL02,CL,English,9.28,10.2,26,25
taxi/SES0077,0077DP03,DP,German,5.22,6.68,17,19
taxi/SES0078,0078DP01,DP,German,1.88,2.58,4,7
taxi/SES0078,0078CL02,CL,English,8.92,10.02,22,19
taxi/SES0078,0078DP03,DP,German,5.54,6.88,14,16
taxi/SES0079,0079DP01,DP,German,1.56,1.92,3,3
taxi/SES0079,0079CL02,CL,English,7.88,9.62,25,21
taxi/SES0079,0079DP03,DP,German,5.42,7.14,15,13
taxi/SES0080,0080DP01,DP,German,1.54,1.88,3,3
taxi/SES0080,0080CL02,CL,English,5.88,6.86,24,20
taxi/SES0080,0080DP03,DP,German,6.44,7.7,14,14
taxi/SES0081,0081DP01,DP,German,3.04,4.08,3,4
taxi/SES0081,0081CL02,CL,English,9.78,10.58,27,26
taxi/SES0081,0081DP03,DP,German,3.64,5.6,10,10
taxi/SES0081,0081CL04,CL,English,3.22,4.18,8,6
taxi/SES0082,0082DP01,DP,German,1.66,2.16,4,7
taxi/SES0082,0082CL02,CL,English,7.18,8.24,28,23
taxi/SES0082,0082DP03,DP,German,5.58,7.4,16,15
taxi/SES0082,0082CL05,CL,English,3.14,3.66,8,5
taxi/SES0082,0082DP06,DP,German,2.22,2.94,5,8
taxi/SES0082,0082CL07,CL,English,4.54,5.98,18,17
taxi/SES0082,0082DP08,DP,German,9.7,10.9,17,16
taxi/SES0082,0082CL09,CL,English,3.2,3.62,13,11
taxi/SES0082,0082DP10,DP,German,1.6,1.92,7,6
taxi/SES0082,0082CL11,CL,English,0.38,0.98,1,1
taxi/SES0084,0084DP01,DP,German,1.96,2.46,4,4
taxi/SES0084,0084CL02,CL,English,8.88,10.82,19,21
taxi/SES0084,0084DP03,DP,German,2.04,4.04,7,8
taxi/SES0084,0084CL04,CL,English,2.18,3.6,8,8
taxi/SES0084,0084DP05,DP,German,2.72,4.1,11,12
taxi/SES0084,0084CL06,CL,English,1.22,2.36,3,3
taxi/SES0084,0084DP07,DP,German,1.74,2.56,5,5
taxi/SES0085,0085DP01,DP,German,2.54,3.04,5,5
taxi/SES0086,0086DP01,DP,German,1.86,2.66,4,4
taxi/SES0086,0086CL02,CL,English,3.52,4.3,9,8
taxi/SES0086,0086DP03,DP,German,2.74,4.1,8,7
taxi/SES0086,0086CL04,CL,English,3.82,6.06,15,11
taxi/SES0086,0086DP06,DP,German,1.14,3.54,5,5
taxi/SES0086,0086CL07,CL,English,0.96,2.52,4,4
taxi/SES0086,0086DP08,DP,German,4.1,6.5,12,15
taxi/SES0086,0086CL09,CL,English,1.16,2.72,6,6
taxi/SES0086,0086DP10,DP,German,2.24,3.6,8,7
taxi/SES0087,0087DP01,DP,German,2.8,3.88,9,9
taxi/SES0087,0087CL02,CL,English,8.86,10.54,18,14
taxi/SES0087,0087DP03,DP,German,2.98,4.6,8,8
taxi/SES0087,0087CL04,CL,English,4.22,7.08,9,6
taxi/SES0087,0087DP08,DP,German,5.76,5.92,17,20
taxi/SES0087,0087CL09,CL,English,1.62,2.24,3,2
taxi/SES0087,0087DP11,DP,German,2.36,2.36,2,4
taxi/SES0088,0088DP01,DP,German,2.72,3.24,4,4
taxi/SES0088,0088CL02,CL,English,7.76,8.46,15,12
taxi/SES0088,0088DP04,DP,German,2.94,4.18,6,6
taxi/SES0088,0088CL05,CL,English,5.52,6.54,12,11
taxi/SES0088,0088DP07,DP,German,4.56,4.8,11,9
taxi/SES0088,0088CL08,CL,English,8.12,10.14,12,10
taxi/SES0088,0088DP09,DP,German,4.06,4.36,7,5
taxi/SES0088,0088CL10,CL,English,3.48,3.88,4,3
taxi/SES0088,0088DP11,DP,German,4.34,4.78,11,12
taxi/SES0088,0088CL12,CL,English,2.52,3.6,5,3
taxi/SES0088,0088DP13,DP,German,2.06,2.8,4,5
taxi/SES0089,0089DP01,DP,German,2.36,2.92,4,4
taxi/SES0089,0089CL02,CL,English,13.94,14.96,26,20
taxi/SES0089,0089DP03,DP,German,4.84,5.1,10,10
taxi/SES0089,0089CL04,CL,English,6.42,7.16,6,6
taxi/SES0089,0089DP06,DP,German,3.88,4.84,9,13
taxi/SES0089,0089CL07,CL,English,3.26,3.5,4,4
taxi/SES0089,0089DP08,DP,German,1.76,3.28,4,5
taxi/SES0090,0090DP01,DP,German,2.02,2.92,4,4
taxi/SES0090,0090CL02,CL,English,10.36,11.5,18,18
taxi/SES0090,0090DP03,DP,German,7.04,7.38,15,16
taxi/SES0090,0090CL04,CL,English,2.3,3.04,4,4
taxi/SES0090,0090DP05,DP,German,3.84,3.98,8,9
taxi/SES0090,0090CL06,CL,English,1.74,2.74,2,3
taxi/SES0091,0091DP01,DP,German,1.64,2.42,3,3
taxi/SES0091,0091CL02,CL,English,7.3,8.38,15,15
taxi/SES0091,0091DP03,DP,German,4.76,5.1,10,10
taxi/SES0091,0091CL04,CL,English,4.18,4.9,6,5
taxi/SES0091,0091DP05,DP,German,5.64,6.62,14,17
taxi/SES0091,0091CL06,CL,English,2.22,3.64,4,3
taxi/SES0091,0091DP07,DP,German,2.4,2.8,4,6
taxi/SES0091,0091CL08,CL,English,0.6,2.38,1,1
taxi/SES0093,0093DP01,DP,German,1.84,3.08,4,4
taxi/SES0093,0093CL02,CL,English,2.7,3.98,7,7
taxi/SES0095,0095DP01,DP,German,2.26,2.48,4,4
taxi/SES0096,0096DP01,DP,German,1.54,2.48,3,3
taxi/SES0096,0096CL02,CL,English,2.12,2.94,6,6
taxi/SES0096,0096CL04,CL,English,4.28,4.68,10,8
taxi/SES0096,0096CL05,CL,English,4.12,5.72,10,7
taxi/SES0097,0097DP01,DP,German,1.48,2.44,3,3
taxi/SES0097,0097CL02,CL,English,1.96,2.58,6,5
taxi/SES0097,0097DP04,DP,German,3.96,3.96,9,8
taxi/SES0098,0098DP01,DP,German,1.5,2.48,3,3
taxi/SES0098,0098CL02,CL,English,1.8,3.06,6,5
taxi/SES0098,0098DP03,DP,German,3.32,4.66,14,13
taxi/SES0098,0098CL04,CL,English,2.1,3.28,5,5
taxi/SES0098,0098DP05,DP,German,3.44,3.56,7,8
taxi/SES0098,0098CL06,CL,English,3.36,4.42,7,6
taxi/SES0098,0098DP07,DP,German,1.66,3.18,5,5
taxi/SES0098,0098CL08,CL,English,2.7,3.4,6,5
taxi/SES0098,0098DP09,DP,German,2.62,4.12,10,11
taxi/SES0098,0098CL10,CL,English,1.06,1.94,3,4
taxi/SES0098,0098DP11,DP,German,2.74,3.0,5,8
taxi/SES0100,0100DP01,DP,German,1.46,2.62,3,3
taxi/SES0100,0100CL02,CL,English,3.28,3.74,11,11
taxi/SES0100,0100DP03,DP,German,2.04,3.28,6,6
taxi/SES0100,0100CL04,CL,English,5.88,6.7,13,15
taxi/SES0100,0100DP05,DP,German,5.48,6.82,12,14
taxi/SES0100,0100CL06,CL,English,2.4,2.86,5,5
taxi/SES0100,0100DP07,DP,German,1.48,3.0,4,5
taxi/SES0101,0101DP01,DP,German,1.98,2.78,4,4
taxi/SES0101,0101CL02,CL,English,3.06,4.04,11,11
taxi/SES0101,0101DP03,DP,German,2.32,4.1,8,7
taxi/SES0101,0101CL04,CL,English,5.12,5.84,16,14
taxi/SES0101,0101DP05,DP,German,2.76,4.76,10,9
taxi/SES0101,0101CL06,CL,English,1.14,2.26,3,3
taxi/SES0101,0101DP07,DP,German,1.42,2.94,3,5
taxi/SES0102,0102DP01,DP,German,1.84,2.82,4,4
taxi/SES0102,0102CL02,CL,English,7.64,7.94,14,13
taxi/SES0102,0102DP03,DP,German,1.96,3.28,6,6
taxi/SES0102,0102CL04,CL,English,12.58,14.22,25,21
taxi/SES0102,0102DP05,DP,German,4.2,5.46,13,14
taxi/SES0102,0102CL06,CL,English,3.88,4.8,13,11
taxi/SES0102,0102DP07,DP,German,2.52,3.82,9,11
taxi/SES0102,0102CL08,CL,English,5.42,8.2,15,15
taxi/SES0102,0102DP09,DP,German,4.8,6.62,14,10
taxi/SES0102,0102CL10,CL,English,0.86,1.92,3,3
taxi/SES0103,0103DP01,DP,German,1.9,3.02,4,4
taxi/SES0103,0103CL02,CL,English,4.22,5.82,16,13
taxi/SES0103,0103DP03,DP,German,4.14,6.04,13,15
taxi/SES0103,0103CL04,CL,English,5.56,7.66,22,16
taxi/SES0103,0103DP05,DP,German,3.82,4.94,12,11
taxi/SES0103,0103CL06,CL,English,1.94,3.74,6,7
taxi/SES0103,0103DP07,DP,German,3.0,3.54,7,7
taxi/SES0104,0104DP01,DP,German,1.56,2.46,3,3
taxi/SES0104,0104CL02,CL,English,4.74,6.88,19,19
taxi/SES0104,0104DP03,DP,German,4.02,5.0,10,10
taxi/SES0104,0104CL04,CL,English,3.28,5.44,10,10
taxi/SES0104,0104DP05,DP,German,8.82,10.6,26,25
taxi/SES0104,0104CL06,CL,English,1.82,3.48,6,5
taxi/SES0104,0104DP07,DP,German,2.42,2.42,3,3
taxi/SES0105,0105DP01,DP,German,1.88,2.76,4,4
taxi/SES0105,0105CL02,CL,English,3.14,4.6,11,10
taxi/SES0105,0105DP04,DP,German,3.4,4.12,9,7
taxi/SES0105,0105CL05,CL,English,2.24,4.36,6,5
taxi/SES0105,0105DP06,DP,German,2.04,2.96,6,6
taxi/SES0105,0105CL07,CL,English,1.68,3.08,6,7
taxi/SES0105,0105DP08,DP,German,1.36,2.38,5,6
taxi/SES0106,0106DP01,DP,German,1.88,2.84,4,4
taxi/SES0106,0106CL02,CL,English,2.88,4.24,10,9
taxi/SES0106,0106DP03,DP,German,2.92,3.62,8,9
taxi/SES0106,0106CL04,CL,English,11.7,12.56,28,22
taxi/SES0106,0106DP05,DP,German,1.78,2.78,8,6
taxi/SES0106,0106CL06,CL,English,2.4,4.46,5,5
taxi/SES0106,0106DP07,DP,German,2.72,3.0,6,6
taxi/SES0106,0106CL08,CL,English,2.86,3.3,7,7
taxi/SES0106,0106DP09,DP,German,2.72,2.72,7,7
taxi/SES0107,0107DP01,DP,German,1.98,2.78,4,4
taxi/SES0107,0107CL02,CL,English,5.5,7.22,18,15
taxi/SES0107,0107DP03,DP,German,3.7,4.66,10,9
taxi/SES0107,0107CL04,CL,English,12.5,14.44,19,19
taxi/SES0107,0107DP05,DP,German,2.74,4.2,8,8
taxi/SES0107,0107CL06,CL,English,7.2,8.52,27,27
taxi/SES0107,0107DP07,DP,German,4.76,6.78,13,14
taxi/SES0107,0107CL08,CL,English,3.2,4.76,9,9
taxi/SES0107,0107DP09,DP,German,1.76,2.8,5,6
taxi/SES0108,0108DP01,DP,German,1.58,2.32,3,3
taxi/SES0108,0108CL02,CL,English,9.06,10.76,27,25
taxi/SES0108,0108DP03,DP,German,4.16,5.34,14,15
taxi/SES0108,0108CL04,CL,English,10.08,12.04,25,24
taxi/SES0108,0108DP05,DP,German,4.82,6.12,17,17
taxi/SES0108,0108CL06,CL,English,9.94,11.06,23,23
taxi/SES0108,0108DP07,DP,German,4.72,5.38,14,12
taxi/SES0108,0108CL08,CL,English,6.38,7.36,22,19
taxi/SES0108,0108DP09,DP,German,2.14,3.3,8,10
taxi/SES0109,0109DP01,DP,German,1.82,2.5,4,4
taxi/SES0109,0109CL02,CL,English,4.8,5.2,15,15
taxi/SES0109,0109DP03,DP,German,2.4,3.22,7,8
taxi/SES0109,0109CL04,CL,English,13.6,14.32,30,29
taxi/SES0109,0109DP05,DP,German,6.96,8.4,22,21
taxi/SES0109,0109CL06,CL,English,12.5,13.94,36,35
taxi/SES0109,0109DP07,DP,German,6.1,6.96,14,12
taxi/SES0109,0109CL08,CL,English,9.18,10.92,26,28
taxi/SES0109,0109DP09,DP,German,5.02,6.1,16,14
taxi/SES0109,0109CL10,CL,English,4.46,6.34,17,18
taxi/SES0109,0109DP11,DP,German,1.48,2.68,5,5
taxi/SES0110,0110DP01,DP,German,1.92,2.9,4,5
taxi/SES0110,0110CL02,CL,English,12.56,13.62,37,34
taxi/SES0110,0110DP03,DP,German,12.64,14.46,31,28
taxi/SES0110,0110CL04,CL,English,6.0,7.28,15,16
taxi/SES0110,0110DP05,DP,German,2.5,3.8,9,10
taxi/SES0110,0110CL06,CL,English,1.12,2.62,3,4
taxi/SES0110,0110DP07,DP,German,1.72,2.74,8,7
taxi/SES0111,0111DP01,DP,German,1.96,2.8,4,5
taxi/SES0111,0111CL02,CL,English,6.24,7.24,20,17
taxi/SES0111,0111DP03,DP,German,3.5,4.26,9,8
taxi/SES0111,0111CL04,CL,English,1.82,4.78,6,6
taxi/SES0111,0111DP05,DP,German,3.36,4.7,11,10
taxi/SES0111,0111CL06,CL,English,2.86,4.1,13,14
taxi/SES0111,0111DP07,DP,German,3.92,6.74,22,17
taxi/SES0111,0111CL08,CL,English,3.16,4.0,12,10
taxi/SES0111,0111DP09,DP,German,2.02,3.1,6,8
taxi/SES0111,0111CL10,CL,English,0.74,2.12,2,3
taxi/SES0111,0111DP11,DP,German,1.64,2.22,2,2
taxi/SES0112,0112DP01,DP,German,1.62,2.48,3,4
taxi/SES0112,0112CL02,CL,English,5.62,6.86,19,18
taxi/SES0112,0112DP03,DP,German,2.24,3.98,9,8
taxi/SES0112,0112CL04,CL,English,4.08,5.16,18,17
taxi/SES0112,0112DP05,DP,German,6.96,8.3,19,23
taxi/SES0112,0112CL06,CL,English,2.3,3.72,11,12
taxi/SES0112,0112DP07,DP,German,2.7,4.14,6,7
taxi/SES0112,0112CL08,CL,English,2.1,3.58,5,6
taxi/SES0112,0112DP09,DP,German,2.4,3.88,11,15
taxi/SES0112,0112CL10,CL,English,0.44,1.46,1,1
taxi/SES0112,0112DP11,DP,German,0.72,1.8,2,2
taxi/SES0113,0113DP01,DP,German,1.88,2.64,4,4
taxi/SES0113,0113CL02,CL,English,14.28,16.12,29,23
taxi/SES0113,0113DP03,DP,German,3.24,4.38,13,11
taxi/SES0113,0113CL04,CL,English,10.56,12.14,24,22
taxi/SES0113,0113DP05,DP,German,4.0,5.08,15,17
taxi/SES0113,0113CL06,CL,English,3.88,4.58,11,10
taxi/SES0113,0113DP07,DP,German,3.6,4.0,6,8
taxi/SES0113,0113CL08,CL,English,1.36,2.06,5,4
taxi/SES0113,0113DP09,DP,German,1.34,2.58,6,7
taxi/SES0114,0114DP01,DP,German,2.12,3.02,4,5
taxi/SES0114,0114CL02,CL,English,7.94,9.58,19,17
taxi/SES0114,0114DP03,DP,German,2.16,3.04,5,5
taxi/SES0114,0114CL04,CL,English,0.84,2.92,1,1
taxi/SES0114,0114DP05,DP,German,2.66,4.42,10,11
taxi/SES0114,0114CL06,CL,English,4.4,5.14,17,13
taxi/SES0114,0114DP07,DP,German,3.56,3.9,11,12
taxi/SES0114,0114CL08,CL,English,0.62,1.62,2,2
taxi/SES0114,0114DP09,DP,German,2.04,2.98,8,7
taxi/SES0115,0115DP01,DP,German,1.94,2.68,4,5
taxi/SES0115,0115CL02,CL,English,10.34,10.94,30,25
taxi/SES0115,0115DP03,DP,German,3.0,3.38,9,10
taxi/SES0115,0115CL04,CL,English,6.42,7.66,19,12
taxi/SES0115,0115DP05,DP,German,2.14,2.68,6,6
taxi/SES0115,0115CL06,CL,English,6.52,7.22,21,18
taxi/SES0115,0115DP07,DP,German,1.5,2.72,6,6
taxi/SES0115,0115CL08,CL,English,5.92,6.6,17,15
taxi/SES0115,0115DP09,DP,German,1.52,2.1,4,4
taxi/SES0115,0115CL10,CL,English,6.08,6.76,22,23
taxi/SES0115,0115DP11,DP,German,5.16,6.56,9,7
taxi/SES0115,0115CL12,CL,English,5.02,5.62,19,21
taxi/SES0115,0115DP13,DP,German,2.04,2.98,8,9
taxi/SES0115,0115CL14,CL,English,0.52,1.08,2,2
taxi/SES0116,0116DP01,DP,German,2.2,3.2,4,5
taxi/SES0116,0116CL02,CL,English,2.3,3.18,9,9
taxi/SES0116,0116DP03,DP,German,2.36,3.02,8,6
taxi/SES0116,0116CL04,CL,English,11.14,12.14,27,27
taxi/SES0116,0116DP05,DP,German,1.72,3.26,6,5
taxi/SES0116,0116CL06,CL,English,3.38,5.12,11,6
taxi/SES0116,0116DP07,DP,German,4.92,6.78,13,12
taxi/SES0116,0116CL08,CL,English,1.3,2.48,5,4
taxi/SES0116,0116DP09,DP,German,1.94,2.94,8,9
taxi/SES0117,0117DP01,DP,German,1.84,2.74,4,5
taxi/SES0117,0117CL02,CL,English,2.26,3.18,6,5
taxi/SES0117,0117DP03,DP,German,1.22,2.56,5,5
taxi/SES0117,0117CL04,CL,English,5.04,6.04,16,14
taxi/SES0117,0117DP05,DP,German,2.26,4.4,8,8
taxi/SES0117,0117CL06,CL,English,8.4,9.34,22,22
taxi/SES0117,0117DP07,DP,German,7.4,9.38,21,21
taxi/SES0117,0117CL08,CL,English,2.86,3.64,8,8
taxi/SES0117,0117DP09,DP,German,4.3,5.5,18,15
taxi/SES0117,0117CL10,CL,English,5.28,5.76,21,17
taxi/SES0117,0117DP11,DP,German,3.04,4.2,6,6
taxi/SES0117,0117CL12,CL,English,1.78,2.5,7,8
taxi/SES0117,0117DP13,DP,German,2.06,2.94,8,9
taxi/SES0118,0118DP01,DP,German,2.0,2.92,4,5
taxi/SES0118,0118CL02,CL,English,1.72,2.92,9,9
taxi/SES0118,0118DP03,DP,German,2.8,3.62,12,10
taxi/SES0118,0118CL04,CL,English,1.62,2.48,8,8
taxi/SES0118,0118DP05,DP,German,2.82,4.24,8,9
taxi/SES0118,0118CL06,CL,English,3.1,3.96,11,8
taxi/SES0119,0119DP01,DP,German,1.86,2.54,4,5
taxi/SES0119,0119CL02,CL,English,1.96,3.0,10,10
taxi/SES0119,0119DP03,DP,German,2.5,3.06,9,9
taxi/SES0119,0119CL04,CL,English,2.46,3.82,8,6
taxi/SES0119,0119DP05,DP,German,1.86,3.08,4,6
taxi/SES0119,0119CL06,CL,English,2.32,3.62,9,10
taxi/SES0119,0119DP07,DP,German,2.18,3.26,7,8
taxi/SES0119,0119DP09,DP,German,1.98,2.98,8,9
taxi/SES0120,0120DP01,DP,German,4.98,5.26,4,5
taxi/SES0120,0120CL02,CL,English,8.0,9.28,17,13
taxi/SES0120,0120DP03,DP,German,3.4,5.5,6,5
taxi/SES0120,0120CL04,CL,English,2.62,3.3,9,9
taxi/SES0120,0120DP05,DP,German,1.84,3.38,6,5
taxi/SES0120,0120CL06,CL,English,1.56,2.58,4,4
taxi/SES0120,0120DP07,DP,German,2.86,3.86,8,8
taxi/SES0120,0120CL08,CL,English,1.84,2.38,5,5
taxi/SES0120,0120DP09,DP,German,1.54,2.76,5,6
taxi/SES0120,0120CL10,CL,English,3.12,4.56,10,8
taxi/SES0120,0120DP11,DP,German,1.1,2.42,2,3
taxi/SES0120,0120CL12,CL,English,1.36,2.1,5,6
taxi/SES0120,0120DP13,DP,German,2.66,4.08,12,13
taxi/SES0120,0120CL14,CL,English,0.42,0.96,1,1
taxi/SES0121,0121DP01,DP,German,1.98,2.74,4,5
taxi/SES0121,0121CL02,CL,English,7.14,8.52,16,16
taxi/SES0121,0121DP03,DP,German,2.52,3.82,9,8
taxi/SES0121,0121CL04,CL,English,7.96,9.34,24,21
taxi/SES0121,0121DP05,DP,German,4.86,6.46,19,19
taxi/SES0121,0121CL06,CL,English,1.64,2.9,7,5
taxi/SES0121,0121DP07,DP,German,1.52,2.52,5,7
taxi/SES0122,0122DP01,DP,German,2.42,2.6,4,5
taxi/SES0122,0122CL02,CL,English,5.38,6.04,19,18
taxi/SES0122,0122DP03,DP,German,5.02,6.46,13,15
taxi/SES0122,0122CL04,CL,English,7.16,9.02,22,19
taxi/SES0122,0122DP05,DP,German,7.62,8.34,21,16
taxi/SES0122,0122CL06,CL,English,4.4,5.16,19,16
taxi/SES0122,0122DP07,DP,German,5.94,7.0,18,20
taxi/SES0122,0122CL08,CL,English,6.28,7.28,13,15
taxi/SES0123,0123CL02,CL,English,7.06,8.18,13,14
taxi/SES0123,0123DP03,DP,German,2.68,3.84,11,11
taxi/SES0123,0123CL04,CL,English,3.74,3.92,4,3
taxi/SES0123,0123CL06,CL,English,5.66,7.48,13,11
taxi/SES0123,0123DP07,DP,German,1.54,2.84,6,6
taxi/SES0123,0123CL08,CL,English,0.76,2.08,4,2
taxi/SES0123,0123DP09,DP,German,1.4,2.36,5,6
taxi/SES0124,0124DP01,DP,German,2.84,2.84,4,4
taxi/SES0124,0124CL02,CL,English,6.94,6.94,10,10
taxi/SES0124,0124DP03,DP,German,3.26,3.96,9,10
taxi/SES0124,0124CL04,CL,English,8.04,9.42,16,17
taxi/SES0124,0124DP05,DP,German,2.52,3.7,8,6
taxi/SES0124,0124CL06,CL,English,4.68,6.16,6,6
taxi/SES0124,0124DP07,DP,German,2.88,4.06,12,12
taxi/SES0124,0124CL08,CL,English,7.22,9.7,11,12
taxi/SES0124,0124DP09,DP,German,3.14,3.92,10,10
taxi/SES0124,0124CL10,CL,English,5.3,5.84,6,5
taxi/SES0124,0124DP11,DP,German,1.56,2.52,5,7
taxi/SES0125,0125DP01,DP,German,1.82,2.94,4,4
taxi/SES0125,0125CL02,CL,English,16.98,17.38,26,22
taxi/SES0125,0125DP03,DP,German,5.02,5.62,16,13
taxi/SES0125,0125CL04,CL,English,1.46,3.82,2,2
taxi/SES0125,0125DP05,DP,German,2.86,3.72,8,8
taxi/SES0125,0125CL06,CL,English,9.6,10.94,22,16
taxi/SES0125,0125DP07,DP,German,2.94,3.98,14,15
taxi/SES0125,0125CL08,CL,English,1.5,2.3,4,4
taxi/SES0125,0125DP09,DP,German,1.96,3.24,8,9
taxi/SES0126,0126DP01,DP,German,2.44,2.7,5,5
taxi/SES0126,0126CL02,CL,English,10.22,10.64,20,19
taxi/SES0126,0126DP03,DP,German,3.3,4.8,11,10
taxi/SES0126,0126CL04,CL,English,8.02,9.6,11,12
taxi/SES0126,0126DP05,DP,German,4.8,5.82,16,17
taxi/SES0126,0126CL06,CL,English,3.02,3.46,3,2
taxi/SES0126,0126DP07,DP,German,2.36,3.08,8,7
taxi/SES0128,0128DP01,DP,German,1.88,2.9,4,4
taxi/SES0128,0128CL02,CL,English,2.34,2.86,9,9
taxi/SES0128,0128DP03,DP,German,3.02,3.86,9,10
taxi/SES0128,0128CL04,CL,English,5.5,6.42,14,11
taxi/SES0128,0128DP05,DP,German,2.04,2.96,7,7
taxi/SES0128,0128CL06,CL,English,1.32,1.92,6,5
taxi/SES0128,0128DP07,DP,German,1.9,2.54,8,7
taxi/SES0129,0129DP01,DP,German,1.72,2.44,4,4
taxi/SES0129,0129CL02,CL,English,3.1,5.36,11,10
taxi/SES0129,0129DP03,DP,German,2.84,3.96,9,10
taxi/SES0129,0129CL04,CL,English,3.14,4.8,5,4
taxi/SES0129,0129DP05,DP,German,2.38,3.44,8,6
taxi/SES0129,0129CL06,CL,English,1.28,2.7,2,2
taxi/SES0129,0129DP07,DP,German,2.18,3.1,6,6
taxi/SES0129,0129CL08,CL,English,4.1,7.92,12,12
taxi/SES0129,0129DP09,DP,German,4.48,5.38,15,14
taxi/SES0129,0129CL10,CL,English,3.36,4.74,5,4
taxi/SES0129,0129DP11,DP,German,7.4,9.04,19,22
taxi/SES0129,0129CL12,CL,English,1.56,2.54,3,2
taxi/SES0129,0129DP13,DP,German,1.9,2.92,8,9
taxi/SES0130,0130DP01,DP,German,1.86,2.5,4,4
taxi/SES0130,0130CL02,CL,English,3.84,5.06,10,11
taxi/SES0130,0130DP03,DP,German,5.12,5.7,11,10
taxi/SES0130,0130CL04,CL,English,7.76,8.32,16,11
taxi/SES0130,0130DP05,DP,German,8.22,9.1,26,20
taxi/SES0130,0130CL06,CL,English,3.12,3.74,11,8
taxi/SES0130,0130DP07,DP,German,7.22,8.52,21,18
taxi/SES0130,0130CL08,CL,English,3.94,4.46,16,14
taxi/SES0130,0130DP09,DP,German,2.26,2.74,9,10
taxi/SES0130,0130CL10,CL,English,1.02,1.68,3,3
