session,usable_turns,skipped_turns,natural_duration_s,mediated_duration_s
taxi/SES0037,7,0,18.307,29.283
taxi/SES0038,7,0,18.691,27.757
taxi/SES0039,7,1,22.202,32.688
taxi/SES0040,8,2,28.145,40.799
taxi/SES0041,7,0,36.47,45.03
taxi/SES0042,5,1,48.358,56.628
taxi/SES0043,9,1,48.429,63.354
taxi/SES0044,10,1,36.804,48.985
taxi/SES0045,7,1,19.319,31.59
taxi/SES0046,6,2,23.032,30.741
taxi/SES0047,7,1,36.06,47.397
taxi/SES0048,4,2,40.316,47.592
taxi/SES0050,8,0,22.89,36.145
taxi/SES0051,5,3,11.267,19.65
taxi/SES0052,5,2,21.365,25.709
taxi/SES0054,5,1,14.847,20.729
taxi/SES0055,5,2,26.603,33.79
taxi/SES0056,3,0,10.0,11.914
taxi/SES0057,6,1,18.284,28.355
taxi/SES0058,8,0,23.283,33.219
taxi/SES0059,9,0,28.123,36.634
taxi/SES0060,11,0,60.457,77.939
taxi/SES0061,2,0,21.009,21.776
taxi/SES0062,3,0,17.926,19.255
taxi/SES0063,9,0,44.57,57.665
taxi/SES0064,4,2,25.974,31.956
taxi/SES0065,9,1,27.019,36.424
taxi/SES0066,17,2,62.726,83.389
taxi/SES0067,11,0,34.57,48.277
taxi/SES0068,8,1,32.487,44.241
taxi/SES0069,7,0,24.634,35.203
taxi/SES0070,7,0,21.187,34.829
taxi/SES0071,9,2,41.744,54.38
taxi/SES0072,9,0,35.062,47.931
taxi/SES0073,7,1,25.985,35.557
taxi/SES0074,7,2,29.705,40.532
taxi/SES0076,6,2,29.58,39.929
taxi/SES0077,3,1,18.791,21.498
taxi/SES0078,3,1,17.838,19.612
taxi/SES0079,3,1,16.664,19.948
taxi/SES0080,3,1,15.124,18.209
taxi/SES0081,4,0,21.057,26.983
taxi/SES0082,10,1,41.184,58.356
taxi/SES0084,7,0,23.111,34.411
taxi/SES0085,1,0,3.54,3.54
taxi/SES0086,9,1,24.102,38.687
taxi/SES0087,7,4,31.469,39.791
taxi/SES0088,11,2,51.5,67.823
taxi/SES0089,7,1,39.373,52.247
taxi/SES0090,6,0,29.145,38.841
taxi/SES0091,8,0,31.386,45.586
taxi/SES0093,2,1,5.899,8.454
taxi/SES0095,1,0,3.26,3.26
taxi/SES0096,4,1,14.029,15.748
taxi/SES0097,3,1,9.144,12.296
taxi/SES0098,11,0,29.776,47.541
taxi/SES0100,7,0,24.077,35.348
taxi/SES0101,7,0,19.914,30.626
taxi/SES0102,10,0,48.843,63.965
taxi/SES0103,7,0,26.772,37.238
taxi/SES0104,7,1,28.901,43.506
taxi/SES0105,7,1,17.799,30.418
taxi/SES0106,9,0,33.717,52.718
taxi/SES0107,9,0,46.21,59.209
taxi/SES0108,9,0,56.002,69.166
taxi/SES0109,11,0,71.989,90.02
taxi/SES0110,7,0,40.642,48.868
taxi/SES0111,11,0,35.636,48.933
taxi/SES0112,11,0,35.475,50.353
taxi/SES0113,9,0,46.72,61.305
taxi/SES0114,9,0,29.229,43.864
taxi/SES0115,14,0,61.878,88.365
taxi/SES0116,9,0,34.817,49.712
taxi/SES0117,13,0,51.554,71.425
taxi/SES0118,6,1,16.064,26.998
taxi/SES0119,8,1,20.74,27.229
taxi/SES0120,14,0,43.094,65.337
taxi/SES0121,7,0,30.844,38.708
taxi/SES0122,8,1,46.602,60.944
taxi/SES0123,7,2,25.57,36.065
taxi/SES0124,11,0,52.944,66.795
taxi/SES0125,9,0,46.578,59.208
taxi/SES0126,7,0,37.1,45.518
taxi/SES0128,7,0,20.147,32.763
taxi/SES0129,13,0,42.865,65.34
taxi/SES0130,10,0,47.901,63.367
